label,0,0,0,0,0,1,1,1,1,1,2,2,2,2,2,3,3,3,3,3,4,4,4,4,4,0,1,2,3,4
egnn_input,"[-0.5276401   0.209262   -0.6826423  -0.4419168   0.65499234 -0.07182692
  0.29952985 -0.1906794   0.10318314  0.04432595 -0.5180208   0.5138159
  0.290091   -0.73077404 -0.19386597  0.07747468  0.03472049  0.327634
  0.26639715  0.3302964   0.10413658  0.15900071  0.24571031  0.33974457
 -0.08772803 -0.23371917 -0.04193668  0.4538843  -0.5566741  -0.72929454
 -0.04432703 -0.1489754  -0.4595511   0.1197448  -0.12418538  0.23637855
  0.22232412  0.20504844 -0.08600997 -0.00321207 -0.3499104   0.33950233
 -0.14016448 -0.10471947 -0.16459765  0.12195244  0.4170032   0.57951975
 -0.6573859  -0.5894191  -0.27498966 -0.88457507 -0.6999289  -0.23585935
  0.7445925   0.21113466 -0.64624196 -0.00493354  0.04831197 -0.11668628
  0.5606934   0.02786289  0.06562075  0.40236834 -0.26335213 -0.40773097
 -0.24089031 -1.0635902   0.23180678 -0.06389949 -0.20083211  1.0126152
  0.42840463 -0.16653997  0.47063047 -0.35086486  0.37053448  0.07801363
  0.08330598  0.16005193  0.06810063 -0.03401538  0.27981535 -0.32063437
  0.30668247  0.29931372  0.95933765 -0.5250999  -0.38643146  0.15567023
  0.50562394  0.13174896 -0.1961757   0.11234182 -0.28831753  0.21705814
  0.38531116 -0.42634425 -0.4492811   0.01812721 -0.02197113  0.2181015
  0.4039523   0.12260944  0.9680056  -0.26790276  0.16737986 -0.6386259
  0.68558097  0.48077822  1.0018983  -0.19103898 -0.01000506 -0.37345144
 -0.05463042 -0.22383301 -0.0095952  -0.03554456  0.3305364  -0.2901753
  0.24279141  0.48535803 -0.49224168  0.8161655   0.61863655 -0.29809585
  0.460373    0.42374197]","[ 0.16417216  0.37380835  0.036546   -0.14239705  0.15758318  0.8962937
  0.6230719  -0.3098189  -0.39832777  0.6089375   0.37399796  0.7731478
 -0.31010288 -0.46098587  0.3090345  -1.0861431  -0.15975426  0.04912221
 -0.8524301  -0.2939551  -0.0982163  -0.59169996  0.46072224  0.24071114
 -0.12173608 -0.299672   -0.05009446  0.4027095  -0.4601273   0.43584764
  0.25230512  0.6963671   0.46856537 -0.06039916 -0.23223335  0.8496155
  0.39196882 -0.09424408  0.1942324  -0.23823729  0.25285715 -0.03117593
  0.28889433  0.17758952  0.8239696   0.45598504 -0.44083482  0.54648685
 -0.5863455  -0.7795145  -0.11698236  0.47303218 -0.2625434   0.03430897
  0.35760564  0.18206681 -0.92106545 -0.8936952  -0.8216036  -0.31052336
  0.19560215  0.34001395 -0.39966515  0.24293695  0.32084587  0.30436966
 -0.04286648 -1.4648036   0.45880923  0.44683984 -0.5257886   0.55843097
  0.6284824  -0.21205156 -0.19022883 -0.33555558  0.4698082   1.3830366
 -0.05598983 -0.43779653 -0.26093054  0.30495664  0.00758899 -0.17406994
  0.31888494  0.24407831  0.95909345 -0.7657672  -0.58187205  0.17380509
 -0.28341925  0.4988649   0.5935976  -0.29748487  0.01068375 -0.17542778
  1.1308072  -0.01180243  0.01164027 -0.41891944  0.0050442   0.60381705
  0.5310691  -0.6081515   0.14639106 -0.34581527  0.16496366 -0.546786
  0.01754498 -0.11369369  0.6894087  -0.41293517 -0.54343224  0.15281604
 -0.12031355 -0.68174225  0.6840708   0.23743175  0.39617828  0.04772586
  0.3404985   0.32611012  0.7384881  -0.27948204 -0.8371072  -0.04349845
  0.48252094  0.32671323]","[-0.08484388  0.32383552 -0.36080408  0.6198892   0.5892979  -0.3077261
  0.14185607 -0.06021509 -0.297864   -0.14763309  0.8466616  -0.17902666
 -0.8149534   0.02574636 -0.26197982  0.12433571 -0.11165348  0.39385176
  0.47954482  0.10169434 -0.36434323 -0.17409867 -0.25812578  0.01593215
  0.30287126  0.23395105 -0.06462243  0.00748531 -0.41824707 -0.32731244
  0.32333732 -0.34620187 -0.24347216 -0.13539803 -0.23837005 -0.47976238
 -0.7699856  -0.2818346   0.2671548  -0.10109837 -0.15852942 -0.12543842
 -0.00260134 -1.561258    0.68327206  0.26358825 -0.41517162  1.0131283
  0.58654714 -0.34009722 -0.39096817  0.42033795  0.17918818 -0.03105376
 -0.5507631   0.16952808 -0.7142299   0.01903394 -0.29008755  0.18082997
  0.268809    0.3539394  -0.27905393 -0.46382388 -0.3000568  -0.25904128
  0.0064875  -0.77535474  0.3463474   0.3476403  -0.36420846  0.8946401
  1.1585506  -0.44616622  0.09436414 -0.302423    0.3193603   0.0567958
  0.7393781  -0.06539949 -0.96464515  0.49495146  0.61560917 -0.02228035
  0.4528308  -0.27731016  0.04639628  0.05280379  0.13277872  0.09428719
 -0.04107152  1.2397403   0.06341906  0.53134423  0.12801373 -1.2667023
 -0.21699718  0.04385747 -0.8933369  -0.33488584  0.6530724  -0.12048005
 -0.12324892  0.23082107  0.70361906  0.36109266  0.00964896  0.02688597
 -0.52177775  0.1643916  -0.5652695   0.36362192 -0.00908368  0.19617821
  0.15855612 -0.7323825   0.4658914   0.04434716  0.01768165 -0.3622229
 -0.2959947   0.14205277 -0.27263883 -0.40371916 -0.85232145 -0.2113594
  0.40418068  0.5525119 ]","[ 0.37640223 -0.07803816  0.5475436   0.7845587   0.14372191 -0.79751897
 -0.06626061 -0.13712656  0.342254   -0.12350933  0.5239746   0.17025276
 -0.14226231  0.47645953 -0.360728    0.36638442  0.06903011  0.4013279
  0.3747772  -0.12190243 -0.42927185 -0.5298521  -0.5671301   0.17764618
 -0.05511976 -0.02429496 -0.04475617 -0.6227661  -0.49581948 -0.08614691
  0.00237874 -0.22706945 -0.41000524 -0.04202053 -0.10395988  0.14066239
 -0.47849694 -0.11110617 -0.07391527  0.7890524   0.0611436   0.07871617
  0.1310297  -0.33872417  1.2603554  -0.33795956  0.6040672   0.33106142
 -0.02385618  0.36738545 -0.18864593 -0.52708733  0.18037657  0.06719893
 -0.29215994  0.25746003 -0.0280988  -0.17345023 -0.8578454   0.30378506
  0.7079762   0.18366607 -0.11804086  0.68452287 -0.72452193 -1.0269974
  0.0141502  -0.11329948  0.00642765  0.04214327 -0.3644256   0.76891506
 -0.23374884 -0.41125762  0.24277934 -0.03779936  0.11015686  0.5014254
 -0.02903264 -0.15546657 -0.5624317   0.45208037  0.42897302 -0.23068655
  0.24820745  0.2130448   0.9686649  -0.20789662  0.45353168  0.06995779
 -0.16486803  0.022254    0.51150113  0.23772833  0.01371941 -0.8551654
  0.09563822 -0.78063977 -0.06819502 -0.63211596  0.764646   -0.22041331
 -0.13986476  0.65382046  0.5590969   0.2767608   0.10876334  0.23211879
 -0.3564665  -1.135535   -0.9611848   0.41984212  0.26116967 -0.13272563
 -0.01255904  0.03749007  0.18303908  0.12715726  0.37345982  0.5660831
 -0.12712562  0.5239241  -0.43577984  0.10164794 -0.5387222   0.31591684
  0.5182416   0.4247012 ]","[ 6.36131525e-01  1.15546025e-01  2.09291324e-01  1.54700637e-01
  5.85480705e-02  2.86689967e-01  2.87927687e-01 -2.83722162e-01
 -3.48922104e-01  1.51810329e-02 -4.03740197e-01 -1.09155066e-02
 -2.51578271e-01  4.33067195e-02 -1.95023958e-02 -4.03261662e-01
 -2.01150328e-01 -4.35136445e-02  8.34719762e-02 -3.71456474e-01
 -5.01977921e-01 -1.05692618e-01  6.30875826e-02 -8.62413943e-02
  2.31162608e-01  3.08914155e-01  2.71666318e-01 -4.36512887e-01
 -1.51494458e-01 -2.72365153e-01  3.28496337e-01  5.55842593e-02
  6.89983973e-03  1.10196821e-01 -1.82073608e-01  4.01929855e-01
  2.40877226e-01 -3.43811899e-01  3.47470522e-01  3.06675583e-01
  4.41340327e-01 -4.77863342e-01  6.17103614e-02  5.02027512e-01
  1.55598849e-01 -5.21601498e-01 -2.27349773e-01  3.18966150e-01
 -5.15138924e-01 -4.88754250e-02 -2.91975401e-02  1.34974524e-01
 -2.72504300e-01  1.87264204e-01 -4.48449224e-01  4.95424606e-02
 -2.43007645e-01  8.02611113e-01 -2.37941831e-01  1.34055624e-02
  1.02870986e-01  1.63834855e-01 -2.51065314e-01  1.29992783e-01
 -8.56393993e-01 -9.94669795e-01 -4.73921467e-03 -5.61166465e-01
  1.73176482e-01  3.14932495e-01 -6.89141631e-01  4.70010102e-01
 -6.88501000e-02 -5.97995937e-01 -1.22667849e-01 -5.76865375e-02
 -8.99163354e-03  4.17520851e-01  7.55232479e-03 -3.14203382e-01
  4.26381886e-01  2.05504835e-01  7.05536842e-01 -3.06653291e-01
  1.52171209e-01 -2.46556967e-01 -3.67744863e-01 -1.90851629e-01
  1.19890735e-01  2.10663257e-03 -2.13776886e-01  4.83857095e-01
  1.30293444e-01  7.50041753e-02  4.36074913e-01  2.34482229e-01
  2.60619700e-01 -2.53609389e-01  9.08543915e-02 -6.45312607e-01
  3.17050099e-01  7.24749863e-01 -5.01843840e-02 -7.01945364e-01
  3.79557341e-01 -5.03202993e-03 -7.79630020e-02  6.58873841e-02
 -5.42999506e-01 -2.83560127e-01 -1.31783992e-01 -8.73255543e-03
 -1.40283465e-01  4.90359783e-01  3.18887010e-02 -2.15529397e-01
  1.97771564e-01 -1.85766652e-01  7.45196186e-04 -1.04429424e-01
  2.76215434e-01 -1.16419056e-02 -4.41880167e-01 -5.03881514e-01
 -2.47769803e-01  7.28532195e-01  4.62423921e-01  2.60669231e-01]","[-0.05057127 -0.0034698   0.03467672 -1.9108585   0.20928149 -0.2836004
  0.3324195  -0.07078655 -0.25702515 -0.00975266 -0.3750167   0.6086149
  0.6975016  -0.08262289 -0.2722795  -0.7038983   0.0532083   0.61468315
 -0.07061423 -0.12593485 -0.35702458 -0.05326426  0.4269744  -0.3260662
  0.03869483 -0.27008122 -0.03107444 -0.11243341  0.7565351  -1.2689633
  0.41785547  0.15018465 -0.03279866 -0.09451021 -0.19439973  0.5490219
  0.19983593  0.2525539   0.34832337  0.78354025  0.471842   -0.4257067
 -0.24362516  0.92884964  0.5693861   0.5645184   0.11336944  0.2589976
  0.47215945  0.11957924 -0.355994   -1.1630923  -0.09891284  0.17685015
 -0.30191907  0.41839635  1.0354744   0.2861744  -0.26979825 -0.31549752
 -0.25966096  0.5035148  -0.6956101   0.3569841  -0.3857816  -0.8309417
  0.06222256 -0.07009699  0.03074214  0.5396104  -0.29136017  0.73358506
  0.23807628 -0.3765953  -0.21719256 -0.12454665  0.23409049  0.15320772
  0.21786124  0.15460025  0.471099    0.10149794  1.0088708  -0.1039999
  0.25248492 -0.38582176  0.19919688  0.01891962 -0.7705838   0.02402687
  0.14505464 -0.1605818   0.07925688 -0.05391378 -0.00543728  0.07920734
  0.31016776 -0.6533071   0.51796675  0.44896144 -0.02101439  0.02616747
 -0.06361478 -0.51158285  0.43877852  0.47628927 -0.28650713  0.77431417
  0.07939872 -0.6293657  -0.09434988 -0.3149881  -0.24597882  0.8748052
 -0.09677248  0.7159982  -0.05518728 -0.20081444 -0.11718592 -0.31588018
  0.4645881  -0.45034856 -0.20411743 -0.7837466   0.0576422  -0.399851
  0.26099542  0.5463263 ]","[ 1.22188650e-01 -6.79214671e-02 -2.37491623e-01 -1.07365161e-01
  2.24524349e-01 -1.52700916e-01 -1.11227386e-01 -1.85543120e-01
 -4.80995059e-01 -1.85326874e-01 -6.75479546e-02  5.22665262e-01
  1.05945833e-01 -6.73060536e-01 -4.15310979e-01  1.19684435e-01
  2.35669106e-01  4.82403934e-01 -1.02741703e-01  2.83773065e-01
 -2.78725147e-01  3.64839822e-01 -2.43425101e-01  3.01408947e-01
  4.67108518e-01  3.26927811e-01 -1.72430634e-01 -3.86787921e-01
 -4.20533240e-01 -1.56950831e-01 -6.53124526e-02 -1.29222190e+00
  1.29477726e-02  8.66116360e-02 -7.31892437e-02 -1.57600924e-01
 -5.98419905e-01 -2.11057678e-01 -1.39046693e-02  2.49829575e-01
 -4.73891616e-01  2.60073990e-01  5.25566898e-02  3.34952891e-01
  1.02007262e-01  8.88846591e-02 -1.01659656e-01  1.14431357e+00
  6.77041411e-02 -2.61043739e-02 -3.70410979e-01  1.09821953e-01
 -1.47634268e-01 -7.81755090e-01  3.15336108e-01 -4.96370435e-01
 -2.00835168e-01 -1.12798989e-01 -5.79876184e-01  2.89032340e-01
 -1.79424495e-01 -3.20207328e-01  1.83963925e-01 -4.31807131e-01
 -5.74989058e-02 -4.73222613e-01 -1.29608139e-01 -2.82742172e-01
  3.39511633e-01  2.08680958e-01 -1.50358796e-01  3.76949251e-01
  5.11554301e-01 -5.69768511e-02  1.90481022e-01 -7.14957356e-01
  3.51117134e-01  2.88804770e-01  2.70674646e-01 -1.87924489e-01
 -5.93810976e-01 -9.16322824e-05  6.79895520e-01 -3.71410400e-01
  1.42609954e-01 -3.94352645e-01 -9.91876796e-02 -5.36523759e-01
 -2.76575118e-01  1.58738345e-01  8.46480206e-02  7.32651472e-01
  5.09611130e-01  2.30544761e-01 -3.26178066e-04 -8.45311284e-01
 -1.17389197e-02  4.04208824e-02  8.11156034e-02 -2.90689111e-01
  4.51935530e-01  9.43452939e-02 -4.93383668e-02  3.10146183e-01
  1.25151324e+00 -3.79160285e-01  8.53449553e-02 -3.04620385e-01
 -4.41454113e-01 -1.78636670e-01 -5.87499082e-01  4.31183338e-01
  5.30018210e-01 -7.84811676e-01  8.55742171e-02  2.08682105e-01
 -3.10283154e-01  3.50326627e-01  3.68071407e-01  8.20263848e-02
 -3.41435134e-01  1.08825423e-01 -1.90626904e-01  2.35722110e-01
 -2.90116817e-01 -9.61513743e-02  3.89838129e-01  2.84138978e-01]","[-3.44001651e-01 -1.78275451e-01 -5.75586200e-01 -4.85601127e-01
  3.65668386e-01  2.96281338e-01  2.06064299e-01 -3.02664846e-01
 -1.27879694e-01  3.66267323e-01  4.22045171e-01  2.93877900e-01
 -4.39306885e-01 -6.99809074e-01  4.63741988e-01  5.49265966e-02
 -5.57494938e-01  2.89082229e-01  1.98590025e-01  1.81847811e-01
  1.10031389e-01  5.24703264e-01  7.53346533e-02  3.04094821e-01
 -2.74323940e-01  5.01243055e-01 -8.99178758e-02 -6.31233454e-02
 -1.96053550e-01  4.88615185e-01  3.51619005e-01 -6.67610168e-02
  5.44224977e-02  3.03489357e-01 -1.24070354e-01 -4.62537333e-02
  4.22072411e-01  9.35752094e-02 -1.10494196e-01  4.19305146e-01
 -4.69750054e-02  6.51263222e-02  7.88783431e-02 -5.88271677e-01
 -3.37910086e-01  5.99737346e-01 -6.38580799e-01  1.44486821e+00
  4.08835560e-01 -2.21651345e-01 -3.49067748e-01 -8.87921080e-02
 -8.90108272e-02 -3.02647561e-01  2.16052622e-01  1.16820410e-02
 -5.41503191e-01 -3.76969516e-01 -5.57146013e-01 -3.64551283e-02
  2.35408947e-01 -2.24547997e-01  2.08757892e-01 -1.95125163e-01
 -3.38756233e-01  7.16526732e-02 -8.73823613e-02 -1.95473582e-01
  2.59313554e-01  1.49493024e-01 -9.33221877e-02  3.36875468e-01
 -2.00688720e-01  9.75153893e-02  3.30830783e-01 -4.37855542e-01
  1.41826376e-01  5.33714831e-01  3.14548284e-01  1.80240273e-01
 -1.05131149e+00  4.28905308e-01  4.95229840e-01 -3.22021812e-01
  8.63212626e-03 -1.76847711e-01  5.16864240e-01 -2.22854108e-01
 -5.54572679e-02  1.22501433e-01 -4.30870429e-02  7.31727302e-01
  9.52178836e-01  4.69098389e-02  4.24934655e-01 -6.88976884e-01
  2.04430297e-01  1.42845884e-01 -4.78858985e-02 -5.58879733e-01
  5.83951592e-01  4.14425284e-01  3.00323486e-01 -3.97505820e-01
  4.10017878e-01 -5.73342979e-01 -2.22446173e-01 -3.98326844e-01
 -4.37343083e-02 -4.50689226e-01 -5.32265961e-01  2.98578113e-01
 -4.92744207e-01  3.17094266e-01 -4.08384344e-03  1.19925231e-01
 -5.13256788e-01 -2.63668578e-02  1.56944066e-01 -4.51465309e-01
 -1.44988880e-01  4.15778197e-02 -8.59463122e-04  1.44425988e-01
 -3.17037165e-01 -3.18278462e-01  1.69915482e-01  3.11842382e-01]","[-2.1787095e-01  1.5989028e-01 -1.6421834e-01 -4.5880571e-01
  5.3411633e-01 -1.3547271e-01 -8.8628806e-02 -2.6711296e-02
 -5.8187373e-02  2.1881680e-01 -2.1630929e-01  3.0244559e-01
 -2.8504038e-01 -8.1876850e-01 -2.4491726e-01 -3.8091332e-01
 -6.6765231e-01  4.2696306e-01 -3.8775626e-01  2.9651970e-01
 -4.1907996e-01 -1.4405943e-01  1.4753787e-01 -1.7854950e-01
  3.8674682e-02 -8.9497671e-02 -3.3953078e-02 -2.1626692e-01
  4.4741949e-01 -1.0113221e+00 -6.0684577e-02 -6.2639725e-01
 -1.8330161e-01  9.6601807e-03 -1.4642166e-01 -3.4593007e-01
 -3.5915563e-01 -1.5959801e-01  5.6588925e-02  7.7968776e-01
  5.6442983e-02  1.2287299e-01  4.3784451e-01 -4.2988244e-01
  5.4698145e-01  1.3429508e-01 -1.2758395e-01  1.2479830e+00
  5.9566110e-01 -9.6866757e-01 -2.6439843e-01 -3.2474092e-01
 -1.6634762e-01 -9.5951028e-02 -5.0098068e-01 -9.1940188e-01
 -6.8155870e-02 -7.3769063e-01 -7.1198381e-02  4.7867324e-02
 -3.4804247e-02 -6.6055253e-02 -2.1645099e-02 -6.7122333e-02
 -2.7342030e-01 -3.1215355e-01 -1.4691591e-01 -1.0754851e+00
  5.4206472e-02  4.9427474e-01 -2.9951546e-01  7.2148317e-01
 -2.1905435e-02  1.2594092e-01  5.9656137e-01 -3.7914878e-01
  4.6391806e-01  9.0897834e-01  7.8029323e-01 -5.4623044e-01
 -4.9894771e-01  2.7818987e-01  9.4129092e-01  6.4840600e-02
  2.7751747e-01 -1.4247218e-01  6.4414614e-01 -4.3479183e-01
 -6.3171250e-01  2.3489007e-01  3.0760813e-01  7.7430850e-01
  8.6345261e-01 -4.5995604e-02  3.3692616e-01  3.6953457e-02
  4.5646793e-01  2.0948221e-01  3.4357548e-01 -6.6432521e-02
  3.4892616e-01 -7.5124554e-02  1.3608882e-02 -4.0258328e-05
  4.5623019e-01 -1.6215838e-01  1.8723337e-01  2.2380093e-01
  4.8454851e-01 -4.3902534e-01 -3.7579453e-01  1.3149081e-02
 -3.7617832e-01 -1.6221713e-01  1.8443666e-01 -5.7912034e-01
 -1.2843615e-01 -2.3407103e-02  5.2161640e-01 -4.7893390e-01
 -3.6611283e-01  5.7271016e-01  5.7158608e-02 -7.5243056e-01
 -7.8853333e-01 -7.6072419e-01  3.7373921e-01  3.9125150e-01]","[-3.68240178e-01 -2.97127306e-01  2.04468161e-01 -4.72893149e-01
 -8.36610943e-02  3.82526033e-02  3.02279025e-01 -1.31276980e-01
  4.31492090e-01  4.27406244e-02 -8.97314996e-02  8.39601979e-02
 -4.26773310e-01 -5.99229574e-01  2.31265500e-02  2.03287583e-02
 -1.92861930e-01  5.51995076e-02  1.47103757e-01  2.36468971e-01
 -2.01011717e-01  4.48256060e-02 -3.61928135e-01  1.23393141e-01
 -4.40216541e-01 -4.78443243e-02 -3.99577431e-02 -6.16456926e-01
 -1.17746043e+00  6.52562976e-02 -3.79001498e-02 -6.63365483e-01
 -3.53833258e-01  2.43462473e-02  1.39283184e-02  1.75099358e-01
  9.54825938e-01 -1.80852622e-01  1.55334890e-01  4.05471593e-01
 -2.46543646e-01  5.17318904e-01 -3.97999696e-02  8.29009235e-01
 -2.41586775e-01 -5.08851826e-01  1.70629650e-01  1.00174499e+00
  1.78346023e-01 -2.46167243e-01 -1.29197678e-02  2.00215429e-01
  1.09670833e-02  2.30447840e-04  7.23152012e-02 -3.11621159e-01
 -2.58162946e-01 -4.12181973e-01 -5.58742583e-01  1.21472552e-01
  4.49842989e-01 -3.88784826e-01  2.32927486e-01  5.92363358e-01
 -3.10850888e-01 -2.59811699e-01 -1.04378246e-01 -2.01436073e-01
  7.15784878e-02  1.66591838e-01 -7.88620561e-02  8.58320117e-01
 -7.11583555e-01 -2.60285616e-01  6.03193939e-01 -8.69379863e-02
  9.21711922e-02  2.33788282e-01  4.70972210e-01 -1.84883147e-01
 -1.57918349e-01  6.42381757e-02  2.16701671e-01 -1.42376140e-01
 -5.56587428e-02  2.04966471e-01 -3.16961616e-01  3.09658051e-01
  1.40582677e-02  1.06371172e-01 -1.65813684e-01  7.50678778e-02
  3.42067212e-01  4.79262680e-01  2.82904685e-01  1.06635511e+00
 -3.17501016e-02 -2.29706764e-01  4.73719910e-02 -5.63187480e-01
  4.80890095e-01 -4.50366586e-01  4.29856554e-02  4.04273003e-01
  1.62622541e-01 -4.79918510e-01  1.18070737e-01 -5.48708975e-01
 -3.85244399e-01 -5.02645135e-01 -1.12509739e+00  2.42331833e-01
  7.85653219e-02 -9.64814365e-01 -2.61837454e-03 -6.55547827e-02
  3.37892890e-01  6.00057356e-02  3.24871480e-01  6.11331105e-01
 -3.33892196e-01  4.18817490e-01 -4.10021365e-01  1.07233584e+00
 -4.25558686e-01 -1.73758179e-01  9.49705392e-02  1.52596131e-01]","[ 1.2899143   0.05541963  0.31329808 -0.21781577  0.23665544 -0.55182433
 -0.03102246  0.14345336  0.04579237 -0.44163275  0.01573345 -0.00254491
  0.11406489 -0.78851974  0.09783386  0.45129713 -0.05253881  0.20047793
 -0.15030068 -0.48989773 -0.19313248 -0.51576024  0.39418072 -0.19701278
  0.5409468   0.4388061   0.12538807  0.2614404   0.55198     0.37424073
  0.27964744 -0.33659354  1.2029254  -0.09520775 -0.06984843  0.02793611
 -0.87348324  0.10602403  0.03484711 -0.4307246  -0.8218335  -0.23274136
  0.0993548   0.87660384 -0.18105207  0.07792743 -0.6129577  -0.27633557
 -0.18910232  0.26213118  0.36744288 -0.5969006  -0.11819279 -0.4103296
 -0.6275399   0.25209376 -0.2632774   0.15629253 -0.382783    0.13222499
  1.1612568   0.48576558 -0.49579555 -0.83440036  0.06606589  0.11218946
 -0.08448933 -0.6012772  -0.19962491  0.14385425 -0.02361742  0.6541669
  1.6198828  -0.11491232  0.02374261  0.48072088 -0.13165808 -0.04238114
 -0.28351417 -0.02883715 -0.1628078  -0.16309853  0.21778224 -0.03461241
  0.3680142  -0.18107621 -0.61406     0.00389072  0.25515795 -0.17120089
 -0.1349448   0.594267   -0.20861395 -0.09904122 -0.22673191  0.13370274
  0.1331687   0.10466868 -0.5809763  -0.02571601 -0.09944763  0.4868713
 -0.22864732 -0.29527047  0.49995914  0.34007826  0.12244329  0.11677918
 -0.7414193   0.0727336  -0.1297097  -0.06849939  0.60283893  0.04606942
  0.0726404  -0.6509388   0.27877346 -0.29110184 -0.16121063  0.59849745
 -0.20746645 -0.10172945 -0.46813032 -0.52366364 -0.19459002 -0.22043276
  0.00606627  0.14719479]","[ 0.05956721  0.26396805  0.5341816   0.44800106 -0.47213057  0.09540761
  0.09163941  0.2803857  -0.15067719 -0.35693678 -0.8749894   0.10548089
  0.50508237 -0.18082422  0.22796515  0.21385777  0.14892668  0.35787633
  0.14755365 -0.0802551  -0.33271787 -0.40853456  0.34402642 -0.34070107
  0.15117034 -0.07885572 -0.0592706   0.10136883  0.6383708   0.26785758
  0.00152553 -0.3279672  -0.36779004 -0.35987812  0.08023418  0.13053888
  0.13210529  0.2059487  -0.38554093  0.01870995  0.6650179   0.23472144
 -0.1101203   1.1518276  -0.09115109  0.12525554  0.40375328 -0.98372036
 -0.26816612  0.0352043   0.5114021   0.07680909 -0.31787837 -0.41270888
 -0.3018497   0.01081179 -0.24185395 -0.00374097  0.7750339  -0.0230486
  0.00956639  0.10147227 -0.26137903 -1.3826143   0.10271457 -0.68760955
  0.05428019  0.7696598  -0.4305532   0.07911745  0.13889559  0.10223212
  0.24292113  0.05850213 -0.30932444  0.27845654 -0.23970106 -0.16652282
 -0.5455243   0.4229874   0.8659727   0.0866276   0.347387   -0.01441887
 -0.13880132 -0.1108884  -0.59697044 -0.1438133   0.2299325  -0.16929697
  0.35761827 -0.31949922 -0.25988245 -0.6267639   0.06097357  0.7511781
 -0.08961714 -0.29140687  0.2914852  -0.79065543 -0.57034224 -0.77413017
 -0.2584195   0.2285906   0.18906137  0.11987594  0.14130324 -0.07244148
  0.41903523 -0.81183076 -0.4253057  -0.21395299 -0.14016624 -0.3606884
  0.09525371  0.34184968 -0.60173255 -0.4073171  -0.25433406  0.18290123
  0.46472955 -0.04062466 -0.70880634  0.6852814   0.5720143   0.07364336
  0.10487144 -0.16301836]","[ 1.0605075   0.09337432  0.55969304 -0.80157655 -0.70554006 -0.22731487
  0.14663324  0.10508565 -0.4611236  -0.07848801 -0.9076682   0.4514628
  0.5425261   0.27673778  0.06530768 -0.5181936   0.20748828  0.54112315
 -0.5902243  -0.16894136 -0.5545949   0.20582592  0.2465419  -0.40789643
 -0.29952025  0.40142712 -0.10916118  0.07904902  1.5543615  -0.32611227
  0.12761782  0.3128299   0.44277155 -0.01657905  0.10430363  0.42421147
  0.1093551   0.17120397  0.27498883 -0.11339226 -0.41608354 -0.05518533
  0.15213259  1.3692045   0.13879022  0.06134633  0.31835148 -0.64770144
 -0.338903   -0.04294754  0.43408102 -0.14386271 -0.30902106  0.12698194
 -0.5460251  -0.24659362  0.59831756  0.2759575   0.8290711  -0.4640976
  0.9004272   0.39047518 -0.2919393  -0.21372429 -0.23162258 -0.4460835
  0.09078828  0.9878152  -0.53918636  0.0221313  -0.0947633  -0.56632733
  0.67632246  0.03337439 -0.04039907  0.02749965 -0.28150332 -0.36561927
  0.07141721  0.2966163   0.80852234 -0.15243904  0.6646479   0.0407938
 -0.29025233  0.10182223 -0.37752947 -0.43091     0.5308284  -0.20491432
  0.37226754 -0.5404061  -0.29383212 -0.26508713  0.1333988   0.5826094
  0.6183344   0.19294463  0.31527817 -0.08651236 -0.38026443  0.1346955
 -0.5071856  -0.24092707 -0.05428821  0.32245284 -0.14877197 -0.3110919
 -0.51485324  0.4600053  -0.01176197 -0.44168946 -0.2979246  -0.09507513
  0.04007221  0.546491   -0.12325376 -0.77114034 -0.9716229   0.78255874
  0.49732998 -0.4896873  -0.28067786 -0.5562864   0.5741682   0.16414887
 -0.09154893 -0.19488643]","[ 0.44019806  0.36338726 -0.01320468  0.10839941  0.14881907 -0.09576648
  0.3562884   0.08488513  0.23256011 -0.32253072 -0.40271428 -0.11781791
 -0.05063968  0.22160274  0.23804237 -0.34412664  0.09347103  0.20051469
  0.28053102  0.04768917  0.00150113  0.12198185  0.44282773 -0.00835347
  0.03842951  0.3837864   0.2969299   0.50820327  0.8438203  -0.48695
 -0.13002507 -0.5914387  -0.11327426  0.26382488  0.04078252  0.13782057
 -0.0858685  -0.05019813 -0.13007934 -0.03825795 -0.51875263 -0.15841523
  0.34835178  0.3037825  -0.48940024  0.07065608 -0.68279713 -0.13582546
 -0.24782789 -0.23224548  0.41623515 -0.5846478  -0.36524013 -0.5082637
  0.07772883  0.3563124   0.01339066  0.29089373  0.7696073   0.05110846
  0.32949486 -0.09342289 -0.05108935 -0.1304371  -0.3142258  -0.24113463
 -0.11224274 -0.80158395 -0.28898403 -0.40419036 -0.24754366  0.5059578
  0.20339763  0.25467715 -0.1035985   0.39612472 -0.15515055 -0.0582946
 -0.12091822  0.07090677  0.52544737 -0.34480372  0.09180475 -0.17797078
 -0.19970144 -0.02655772 -0.15569243  0.32664216 -0.09733636 -0.01749752
 -0.11308482 -0.11420648 -0.41654187 -0.0060166   0.19229491  0.67797136
 -0.05800122  0.272655   -0.20829056 -0.10513609 -0.36856532  0.84427947
 -0.05705802  0.12073132  0.3153759  -0.17667812  0.3340896   0.28837946
 -0.5841338   0.2555874  -0.19475175 -0.2638813  -0.17936493  0.3107058
  0.04882585 -0.21132864 -0.02474311 -0.20666556 -0.4648155   0.09083001
 -0.04402361  0.8390703  -0.5487526  -0.23950857 -0.056378   -0.20650014
 -0.05645903 -0.01932843]","[-0.1346283   0.16771653  0.4474254  -0.8960802  -0.20942211  0.67995805
  0.32345402  0.20021217 -0.11378791 -0.06761072 -0.52652514 -0.41964865
 -0.01179426  0.2075511   0.21271272 -1.2057858  -0.06830925 -0.12314474
  0.01373044 -0.17662436 -0.04391196  0.0222087   0.38510925 -0.39113545
 -0.592349   -0.07509375  0.05145085  0.5048872   0.80508375 -0.31906408
 -0.21203172  0.7005805   0.01178499 -0.15683725  0.08948765  0.56782496
  0.27197585  0.01922305  0.27369794 -0.32272157  0.20561346 -0.45556626
  0.26204938  0.06269713 -0.18888448  0.05245389 -0.07964662 -0.95506495
 -0.14561003 -0.1359499   0.600098   -0.750768   -0.08041943 -0.3560169
 -0.17844719  0.2882685   0.4847869  -0.47617745  1.1114982  -0.48521575
  0.01735245  0.09449043 -0.10341847 -0.2650942  -0.22023132  0.28371984
  0.13743465  0.28319475 -0.62345856 -0.15201393  0.0795114  -0.11873709
  0.44204208  0.42583385 -0.40176654  0.90852803 -0.00763322  0.27119392
  0.44959867  0.18931569  0.36373246 -0.19676465 -0.4417006   0.25650033
 -0.20772247  0.06501225 -0.16236484  0.24440579 -0.33358884 -0.09411574
 -0.26415175 -0.3740478  -0.6052434  -0.41577634  0.40050173  0.7380985
 -0.13743739  0.20898338 -0.05882227  0.29373848 -0.58649945  0.3775561
 -0.0275776   0.09804837 -1.0870839   0.25444394  0.17670442  0.03015312
  0.02718183  0.36843836 -0.05604826 -0.9421306  -0.54990834 -0.19582613
 -0.01936883 -0.3233286   0.13824591 -0.48543897 -0.40386516  0.42304164
  0.09267996  0.2613314   0.4428161  -0.6880734   0.0823319   0.030797
 -0.67607844 -0.36269704]","[ 0.5898049   0.3506092   0.38904503  0.22166593 -0.04325045 -0.56402516
  0.26889637  0.2917526  -0.04532331 -0.44586056 -0.11652703  0.3058552
 -0.08180945  0.31378034  0.06277155 -0.15212114 -0.05315068 -0.06143771
  0.68354386  0.04338074 -0.36175814  0.03351316  0.12214595 -0.1357761
 -0.10599725  0.28500542  0.13837036  0.31256142  0.39336878  0.11153476
 -0.04235114 -0.39572603  0.01433846  0.04577098  0.07520083  0.25374103
 -0.4432098   0.03278416 -0.13995638 -0.27614963 -0.7999437  -0.12555625
  0.49588776 -0.025925   -0.35908663 -0.02058941 -0.20101488 -0.36874354
 -0.27832854 -0.17925273  0.59378785  0.08666189 -0.06478328 -0.01478488
 -0.14764823  0.04650008 -0.27407593  0.23610052  0.43097413 -0.00567835
  0.7965361   0.03735682 -0.15055473  0.3685032  -0.45977908 -0.45608965
  0.11957171  0.00804011 -0.5018471  -0.4753537  -0.04975604 -0.07800397
  0.6534674   0.11015198  0.16134085  0.59774655 -0.05995459 -0.09396525
 -0.19713119  0.11649308  0.3815327   0.08700773 -0.10515638  0.1909207
 -0.34033823  0.0163348   0.24624285  0.28822443  0.29575282 -0.0380876
 -0.03332478 -0.09086493 -0.00454234 -0.1269497   0.08324013  0.06841434
  0.09229335  0.20325181 -0.40228638  0.10270286 -0.07389236  0.14550017
 -0.40058038  0.4157517   0.5665337  -0.01717199  0.28909767  0.10173279
 -1.0324162   0.15963446  0.11624967  0.05495095 -0.00318236 -0.00922689
  0.1384112   0.133792   -0.35900578 -0.23168841  0.05985042  0.50594205
 -0.08867118  0.4997917  -0.14995126  0.3041028   0.03350752 -0.15433782
  0.00928709 -0.14179985]","[ 0.9016612   0.18976547  0.30233046  0.05904775 -0.5037591  -0.7335359
  0.18895125  0.12524672  0.21669464 -0.24031141  0.16944298  0.38197526
 -0.40902042  0.5471265   0.13672192 -0.09451044  0.2085807   0.20812139
  0.4671474   0.17452264 -0.0804513  -0.1658814  -0.10089923  0.12371171
 -0.05818539  0.59657776  0.02868125  0.20359597 -0.04849649  0.12344855
 -0.2949287   0.3172921  -0.07202768 -0.00216698  0.10371412 -0.31265622
 -0.04291482 -0.2131872   0.02588009 -0.31716448 -0.51554537 -0.12330092
  0.585985    0.4829491   0.06083807 -0.0919616  -0.31364584 -0.10839309
 -0.39487824  0.00827205  0.5112141  -0.27222     0.09284014  0.10456642
 -0.20770027  0.10768145  0.3696625  -0.1980519  -0.20628168  0.21462542
  0.79739004 -0.02027375  0.19501801  0.31116602  0.18428269  0.2127767
  0.03510469  0.85333395 -0.16164051 -0.35661855 -0.0847835  -0.9094442
 -0.40181637  0.02253461 -0.18084648  0.44376943 -0.22345036 -0.7135366
 -0.07986507  0.09230249  0.15595733 -0.0451074   0.32977104 -0.01379226
 -0.50773704  0.05568874 -0.20260467  0.30565083  0.55766684 -0.13469966
 -0.46761423 -0.42296368 -0.5255496  -0.02628547  0.10341158  0.32839295
 -0.08070508  0.11137847 -0.25956538 -0.1904879   0.36543995 -0.104399
 -0.28727233 -0.14539784  0.43864888  0.27739134  0.05114543  0.9095858
 -0.19498646  0.3712684  -0.9457765   0.40257233  0.13161118 -0.5584053
 -0.02064853  0.16539405  0.46691075 -0.03700719 -0.48011371  0.26277652
 -0.07718001 -0.06706811 -0.07192232  0.16470906 -0.35887572 -0.22313929
 -0.29431736 -0.14384316]","[ 0.19775428  0.13523142  0.36261034  0.19245094  0.11770309  0.08344299
  0.38087198  0.45848736 -0.02163151 -0.7057366   0.24311513 -0.25841996
 -0.3563181   0.13684279 -0.18216345 -0.4361076   0.10285737  0.0345581
  0.53886414 -0.40592825 -0.25065163 -0.43761736  0.2205157  -0.7631234
 -0.354849    0.28629857  0.16067374 -0.2208062   0.07253787 -0.5430884
  0.04119877 -1.2329614  -0.08145668 -0.32383904  0.02030929  0.11563978
 -1.0120677  -0.20269386  0.29992244 -0.10606355 -0.30746984 -0.6471148
  0.27663514 -0.6973387  -0.33603182  0.05970371 -0.19096926 -0.9210402
  0.41584414 -0.08701784  0.47191304  0.10645652  0.33177257 -0.33615232
 -0.22853234 -0.42411545 -0.69977885 -0.38068995  0.9435707   0.03486397
  0.13311748  0.37150586 -0.2300931  -1.0637454   0.84693193 -0.39514935
  0.6397706   0.31077805 -0.62624586 -0.46749637 -0.3426621   0.02397362
  0.23712297 -0.31508535 -0.24464571  0.972356   -0.15995114  0.5578308
  0.56103003 -0.63102335  0.6584761   0.47360498 -0.11572095  0.48926014
  0.1692775  -0.23793934 -0.69392365  0.6355939   0.04646985  0.14319322
 -0.6410091   0.3766151  -0.36162037 -0.21221134  0.25055492 -0.1284101
 -1.005913   -0.32731086 -0.6426501   0.35295856 -0.7805746  -0.3724384
 -0.67532516  0.76254857  0.3133293  -0.01110654  0.5356913   0.4007904
  0.40216342 -0.45660824 -0.32855484 -0.0150931   0.30826336  0.27892044
  0.40524983 -0.7357994  -1.0152513  -0.20755012  0.8240071   0.24171025
 -0.33011854  0.6870021  -0.26946414 -0.42123118 -1.297236    0.80438644
  0.05819544 -0.10847196]","[-5.7506281e-01 -8.2288817e-02  7.9318154e-01 -5.0799620e-01
  5.5478978e-01 -4.1590858e-02  4.8703700e-01  4.6420479e-01
 -6.7552902e-02 -6.0917968e-01  2.7291873e-01 -4.4008335e-01
 -8.1170058e-01  8.0266923e-02 -1.5084928e-01 -9.3385381e-01
  4.4952151e-01 -6.6741490e-01  1.4006047e+00  2.3134117e-01
 -3.7181184e-01 -3.6587539e-01 -3.4277372e-02 -6.5608406e-01
 -1.4014467e+00  9.1197699e-02 -3.4110166e-02 -1.4651109e-01
 -5.9951681e-01  4.5241186e-01 -2.7674124e-01 -6.0026622e-01
 -1.4044524e+00 -7.3232925e-01  3.2149591e-02  2.9213750e-01
  4.7194698e-01 -2.1613471e-01  3.2752272e-01 -9.7726500e-01
 -4.7341198e-01 -6.5577883e-01 -2.5511423e-02  6.9909871e-01
 -7.1672507e-02  1.1207310e-01  6.5093666e-01 -4.2666504e-01
  8.9391190e-01  7.5466642e-03  6.6406178e-01  1.1467391e-01
  6.5855801e-01 -3.7405798e-01 -6.4065707e-01 -8.4132336e-02
 -1.4967862e-01 -1.4892093e+00  5.8505893e-01  7.5317368e-02
  1.1734580e-01 -4.7307830e-02  1.4149620e-01 -6.9269636e-03
  4.5377311e-01 -2.8675959e-01  6.1243480e-01  9.2265868e-01
 -4.6844342e-01 -7.6091655e-02 -1.3792324e-02 -4.3895882e-02
 -3.6232486e-01 -1.8899916e-01 -6.5218568e-01  7.1601593e-01
 -6.8491474e-02 -9.9958219e-02  1.0156184e+00 -6.3260269e-01
  5.0691020e-01  1.4542554e-01 -1.3911285e-01  7.1707129e-01
 -3.5279712e-01  4.0002775e-01 -8.1019014e-01 -4.0508775e-04
  3.6449698e-01  3.4141254e-02 -1.0495138e+00  9.3062028e-02
 -3.4670717e-01 -3.2398909e-01  5.7274413e-01 -6.1526889e-01
 -8.7147975e-01 -6.6799921e-01 -1.2386955e-01  3.3608833e-01
  2.5045818e-01 -1.0408732e+00 -6.9399798e-01  1.1655550e+00
 -1.2911849e-01  3.2441539e-01  3.9014596e-01 -5.1572870e-02
  6.0502911e-01  9.8346293e-02 -2.0256820e+00  1.1408967e-01
 -1.4986987e-01 -8.1526345e-01  1.9276795e-01  2.0092091e-01
 -6.5163082e-01 -2.6723829e-01  3.8369757e-01  9.5176923e-01
 -5.2706671e-01  2.7520087e-01 -2.9914203e-01  4.2548606e-01
 -1.2095944e+00  1.4700599e+00 -4.1092229e-01 -1.3639282e-01]","[ 0.69512457  0.2913735   0.23222159 -0.5329013   0.5222094  -0.35267076
  0.09963511  0.19150352  0.225418   -0.7529346   0.43834153 -0.6872459
 -0.43217957 -0.77960396 -0.26030248 -0.22564888  0.22659828 -0.16653083
  0.765791   -0.10148234  0.19129427 -0.28500727  0.43798468  0.0544701
  0.38397586 -0.01487761  0.2519142   0.19777898 -0.4803363  -0.21566734
 -0.1870612  -0.8352487  -0.01679754  0.00914696  0.03335587  0.12278035
 -0.7809399  -0.22270253 -0.00314061 -0.5097477  -0.66264486 -0.23169711
  0.41040403  0.5680493  -0.2603451  -0.00167754 -0.16793478 -0.54900914
  0.2838851  -0.23513025  0.1931223  -0.07450949  0.23494418 -0.64517826
 -0.0978525   0.11866599 -0.07218876 -0.01124317  0.299919    0.18300588
  0.5362711  -0.07464849 -0.04535097  0.3008507   0.13232523  0.23248127
  0.195619   -0.59127104 -0.01347819 -0.45924866 -0.19245034  0.5504562
  0.37333485 -0.16622837 -0.14875038  0.53797907 -0.00784377 -0.19367602
  0.4853547  -0.49235225  0.257218   -0.06609088 -0.40660474  0.33825976
 -0.0567136  -0.29331028 -0.35441962 -0.23869184  0.08616443 -0.03896497
 -0.6714063   0.48301214 -0.55477804  0.13998821  0.07089018 -0.7750937
 -0.71472424 -0.29460016 -0.6001814   0.28870413 -0.05149867  0.36688885
 -0.24880798  0.08740716  0.39316127 -0.14925842  0.17505229  0.37986976
  0.16254315  0.11900274 -0.93177503  0.1774574   0.51306176  0.63025224
  0.055856   -0.18366542 -0.37477985  0.1846077   0.24685763  0.31514522
 -0.61098963  0.48909527 -0.32497922 -0.34504572 -0.60900897  0.48230112
 -0.14215203 -0.07837445]","[ 0.5574412   0.10590027  0.0149719   0.34802464  0.13227372 -0.8071712
  0.12827654  0.10312486  0.32268602  0.0749646   0.12695438 -0.1768815
 -0.29301485  0.45654303 -0.2781721   0.706431   -0.21140175  0.01955983
 -0.04096934  0.1642764  -0.13550597  0.08527911  0.09091109 -0.07417939
  0.17799471  0.5716923   0.02184014 -0.08398687 -0.16879718 -0.14331196
  0.13830186  0.11677212  0.50153184  0.12291186  0.06397951 -0.13178909
 -0.39055476  0.18595432 -0.45467472  0.23756337 -0.37287486  0.3618377
  0.67201746 -0.7606133   0.83898115 -0.06928076 -0.24202035  0.45795158
 -0.22137871  0.04172888  0.08691432 -1.0474182  -0.38810322 -0.03491745
  0.05836226  0.24004942  0.20304857 -0.03335921  0.06149859  0.3823478
  0.6998802  -0.00166341 -0.02148158  0.91129273 -0.9208195   0.1779987
 -0.13716748 -1.0790826  -0.11578454  0.04421658 -0.27561632  0.22372225
 -0.66815233 -0.31517422  0.5209253   0.26135814  0.0975911  -0.30572274
 -0.15785007  0.18372765 -0.00874021 -0.13533556 -0.14834578  0.16924046
  0.16676329 -0.12906207  0.5786142  -0.06399807  0.58356035  0.00657514
  0.5298821  -0.41401967  0.01378082  0.00764113 -0.07344116  0.30586922
  0.42532116 -0.22775492 -0.285435   -0.24902576  0.36715424  0.3211226
 -0.03115571  0.09607305  0.4971692   0.5621005   0.09961172  0.24989076
  0.0793874   0.29340062  0.5525207   0.30657732  0.46143028 -0.00864077
  0.04568468 -0.5177921   0.41391778 -0.15219888 -0.1501276  -0.2009446
  0.18450527  0.6054654  -0.5651219   0.23203912  0.24805339 -0.9309203
  0.25945842  0.3245891 ]","[-0.76645327 -0.5373637  -1.1021079  -0.5514622   0.24115068  0.43666294
 -0.482335   -0.7563196   0.30899712  0.7249921   0.11149597  0.0882797
  0.9057924  -0.5615035   0.09392221  0.34675148 -0.174314   -0.08190998
 -0.7271935  -0.06386375  0.8677368   0.5824563  -0.4466591   0.62479544
  0.24116153  0.69575614 -0.06606062  0.3615225   0.6151606  -0.01858827
  0.7117349  -0.33466175 -0.4415965   0.54352015 -0.23000462  0.04266512
  1.1112509   0.43744266 -0.30348137  0.8795317   0.5831417  -0.23492774
  0.02180479  0.09507126  0.11743835  0.0676045  -0.27899405  1.3030131
 -0.03601982  0.05423807 -1.2500777   0.55546665 -0.7906137  -0.06556069
  0.85041434 -0.1631575   0.41498724  0.35664445 -1.2240185  -0.11904334
 -1.046135   -0.09166694 -0.0189301   0.84392    -0.8351394  -0.12719685
 -0.47660762 -0.80163765  1.0964168   0.24294275  0.23403579  0.21471888
 -0.69897735  0.3772172   0.05846887 -1.3814317   0.2190068   0.31262022
 -0.49011767  0.5220044  -0.805457   -0.5098788   0.28042248 -0.730516
  0.4787563   0.38600293  1.1316583   0.4238387  -0.09100243  0.32569635
  0.914896    0.23732197  0.8870224   0.44317612 -0.2436712   0.01613468
  1.3050044  -0.30561328  0.86093897  1.4596696   0.35392168  1.0532522
  0.890686   -0.5554514   0.48160374 -0.6807466  -0.46982303 -0.49425855
  0.6377639  -0.5734155  -0.4144324  -0.0608342  -0.542341    0.8780336
 -0.2809298   0.36572513 -0.15019777  0.535092    0.1448005  -0.3450697
  0.36685085 -0.17006086  0.41564205 -0.3552249   0.86915416  0.51998115
  0.84843355  0.54269016]","[ 7.84476876e-01 -4.87473905e-02 -4.10436362e-01  9.30467308e-01
  4.30426002e-01 -6.66318536e-02 -3.23901385e-01 -3.51972252e-01
 -3.42368156e-01  3.98087725e-02  6.05485380e-01  1.52921900e-01
  5.60563982e-01 -4.90899324e-01 -1.85925037e-01  4.37254190e-01
 -1.14440583e-01  4.17138278e-01 -1.19406593e+00 -2.87392497e-01
  4.94061857e-01 -8.39757845e-02 -3.40331078e-01  4.43545163e-01
  1.00037217e+00  4.04375046e-01 -3.10829371e-01  2.35734597e-01
 -4.05479401e-01  1.01672304e+00  2.21399739e-01 -8.68194103e-02
  1.33038431e-01  2.86383331e-01 -9.24991965e-02 -2.01309294e-01
  2.12786734e-01  1.57598868e-01  2.33723640e-01 -6.84970677e-01
 -5.00832796e-01  1.84469208e-01 -2.66047800e-03  8.09438169e-01
  1.23218179e+00  3.54706228e-01  4.34377134e-01  3.00224107e-02
 -2.46173218e-02 -1.94636926e-01 -6.96756005e-01  1.90979674e-01
 -1.91647530e-01 -2.28119612e-01  5.70654161e-02  1.93271503e-01
  3.21674585e-01  4.65178907e-01 -1.19628513e+00  2.97270734e-02
  7.10940063e-02  4.23060298e-01  3.65779959e-02 -3.85823548e-01
 -4.74297516e-02  6.16076231e-01 -3.69954735e-01 -4.16035116e-01
  9.95595872e-01  2.87738174e-01 -5.70400320e-02  2.24549621e-01
  8.62244189e-01  3.31795752e-01 -3.05866390e-01 -1.37090302e+00
  2.66190022e-01  2.86383510e-01 -3.96943301e-01 -2.66345024e-01
 -1.11265099e+00 -3.01570028e-01 -6.89821027e-04 -2.62924761e-01
  5.44562876e-01  7.95116201e-02  9.89415288e-01 -3.12331468e-01
 -1.35070607e-02  6.89372420e-02  3.44416171e-01  1.03730786e+00
  3.91548336e-01  5.35922527e-01 -6.20433629e-01 -4.28842336e-01
  7.05071270e-01 -6.12165295e-02  2.01386750e-01  1.44423044e+00
 -1.39969125e-01 -1.84192821e-01  1.20995373e-01 -7.20322281e-02
 -4.12804596e-02 -1.21094204e-01 -3.92054319e-01 -7.16501847e-02
 -9.86297950e-02  1.28132582e-01 -1.59018606e-01  2.38985904e-02
  4.98687983e-01  1.00444007e+00 -1.93779498e-01 -2.65150696e-01
  5.45601428e-01  4.87710118e-01 -1.39644653e-01  4.18860406e-01
 -2.95631319e-01 -5.94629884e-01 -3.12361727e-03 -7.85714984e-01
 -6.93038572e-03  1.06335104e-01  6.46738291e-01  2.03129470e-01]","[-0.08594402 -0.2045088   0.16947772  0.14484197  0.39130145  0.34812143
 -0.06766444 -0.76166403 -0.33663362  0.44055563  0.10098266  0.33358985
  0.7426901   0.39758238  0.4733527  -0.74437547  0.09065089  0.19276302
  0.03198585 -0.13471049 -0.7401258  -0.3088611  -0.86969286  0.36458528
  0.03127125  0.20963138 -0.10499919 -0.13886172 -0.07299621  0.5596293
  0.58260304  0.51029503 -0.14652261  0.08779322 -0.34226152  0.67609334
  1.0002638   0.23982751  0.40263197  0.45666352  0.3174612  -0.257849
 -0.9959787  -0.37200147  1.5523115  -0.21763042  0.55745876  0.17196026
 -0.71736467  0.51733357 -0.60325557  0.4779164  -0.88972104  0.5043233
  0.34266335  0.6461369   0.13255124 -0.06109082 -0.67819226 -0.38522327
 -0.5365008   0.6751837  -0.52679175 -0.56820434 -0.5929238  -1.6926246
 -0.27264076 -0.05267926  0.61757153  0.747429   -1.0470015   0.19406134
  0.7124984  -0.16163956 -0.00416553 -1.3793486   0.47420135  1.4918121
 -1.0123036   0.5066496   0.02539647  0.2648561   0.85773206 -0.93874013
  0.7472277   0.35304752  0.09600632  0.07285877 -0.77662575  0.33424067
  1.1163703   0.23988377  0.2111341   0.11798552 -0.22094186  0.70645034
  0.923443   -0.38817    -0.46270448  1.0516953   0.02733942  0.20966336
  0.5413169   0.29228127  0.09425266  0.09631673 -0.26607096 -0.37879163
  0.7943477  -1.6200956   0.6276947  -0.47284177 -0.02123545  0.9876548
 -0.27219653  0.11739884  0.7625297  -0.4218706   0.35900912  0.2373548
  0.63625497  0.48401946 -1.152336   -0.16895348  0.69628066  0.9584617
  1.0937963   0.8736433 ]","[-0.13759604 -0.51749915 -0.8466711   0.37634763  0.4157567   0.2640387
 -0.55750316 -1.0953628   0.19906041  0.54153293  0.28266773  0.2910011
  0.48547652  0.58360994 -0.5164997  -0.3400474   0.22916587  1.5916064
  0.5141134   0.29027504 -0.29372764  1.3634609  -1.157113    0.7690787
  0.6188002   0.16690457 -0.19675142 -0.24578427 -0.5656086  -0.3244264
 -0.19235463 -0.95632696 -0.23384942  0.6674498  -0.32576013 -0.3240221
  0.91226274 -0.00454333  0.11448088  0.8550216  -0.8031131  -0.45298713
 -1.4177581  -0.39584935  0.4379329  -0.06750032 -0.3196698   1.7050209
  0.27050418 -0.09964876 -1.3172208  -0.65097    -0.321978   -0.46396115
  0.08551249 -0.09053281  0.91565114 -0.241349   -0.9101552  -0.3821094
 -1.1032869  -0.02666769  0.15727602 -0.11269666 -1.3630178  -1.1007173
 -0.5464924  -0.66443974  1.0713512   1.119651   -0.47913408 -1.0273652
  1.4814805   0.03577278  0.04179707 -2.20247     0.2733867   0.8444893
 -0.30067912  0.01164262 -0.8319646  -0.26855227  1.4859142  -1.1729707
  0.385591   -0.05367145  0.32650626  0.03830119 -0.7146146   0.34623614
  0.24427491  0.09757439 -0.06596894  0.48225588  0.44123223 -0.5421514
  0.8145477  -0.46099138  0.49238864  0.5933542   0.7392792   0.38332388
  0.4616748  -0.36961022 -0.05755604 -0.2887138  -0.81710285 -0.0876404
 -0.72125584  0.14726204 -1.1635576  -0.15253212 -0.26429132  0.11851417
 -0.26936427  1.433453    0.43889543  0.12532078 -0.05961655  0.1225857
  0.24969459 -0.80117714 -0.3198192  -0.14598806  0.54672563  0.8445841
  0.48219818  0.32625937]","[ 0.2558106  -0.13004549 -0.08085904 -0.6778419  -0.15888107  0.00662148
  0.15629451 -0.32865936  0.18128344 -0.11966687  0.41457298  0.337383
 -0.31828338  0.08778801  0.56557035 -0.2853031   0.30165693  0.25038058
  0.519307   -0.05303096 -0.18512861 -0.20120853 -0.25637683  0.19156006
 -0.41897568 -0.52557594  0.01014962  0.30267277 -0.07306597  0.73962337
  0.3773666   0.5591625  -1.0266098   0.05275229 -0.03219363  0.15947539
  0.29111782  0.09593686  0.3653554   0.00640878 -0.5117673  -0.37235266
 -0.15907483 -0.36057118  0.06487533  0.3405042  -0.6762416   0.36322957
 -0.06569562  0.11698169  0.11307065 -0.2368698  -0.14501981 -0.17960835
 -0.12027989 -0.26198086 -0.42035905 -0.06651905 -0.6087238  -0.02832502
  1.059016    0.69015163 -0.21212786  0.5848303   0.20993991 -0.19182432
  0.1116654   0.21506259  0.37407672  0.2970213  -0.4304947  -0.40395772
 -0.01875967 -0.12118948 -0.37097275  0.2473358  -0.189211    0.0582388
 -0.11725126  0.54818857 -0.31171465 -0.06970695  0.38943207 -0.4208143
  0.17365608  0.48320547 -0.57543147 -0.31339857 -0.21226157  0.00550186
 -0.07463153  0.15967527 -0.54797405  0.15769379  0.09442581  0.64309263
 -0.04711007  0.03323374 -0.84146816 -0.296183    0.06649243  0.04301932
  0.20489202 -0.4737267   0.23893043  0.14897403 -0.1250905  -1.3664205
 -0.5459725   0.14625162 -1.4250968   0.07974023 -0.24186482  0.32601914
 -0.19085327 -0.49556974  1.0174587  -0.1805521  -0.6170787   0.10603751
  0.23197499 -0.02753801 -0.75988996 -0.6842563  -0.53242457  0.12988211
 -0.4133497   0.1577766 ]","[-0.3604418  -0.42501813 -0.12886652 -0.7997814   0.41423133 -0.04186849
  0.11295122 -0.25770202  0.06564327 -0.11063626 -0.19428082  0.37327394
 -0.15568303 -0.492597    0.41022375  0.02950112 -0.72295964 -0.29563615
  0.37014645 -0.1005153  -0.10538762  0.21421596 -0.11888982  0.23647997
 -0.24435674 -0.07000017  0.05011926 -0.58395875 -0.10636151 -0.38325205
  0.2518545  -1.1621689  -0.974374    0.21893626 -0.012957    0.02693371
  0.5202415  -0.16351432 -0.3038194   0.7182412  -0.24527708  0.2931472
  0.4377371   0.26135927 -1.0842335  -0.30126178 -0.27000856  0.9478302
  0.1211608   0.01363109  0.26285788 -0.10993654 -0.25427845 -0.25843316
  0.21995272  0.43011817 -0.83358324 -0.5092898  -0.6877492   0.3508109
  0.35927802 -0.3964728   0.21444769  0.495268    0.31564608 -0.47641596
 -0.09246705 -0.15677531 -0.11939707 -0.31294587  0.07640302  0.44785178
 -0.97350156  0.23138228  0.63612854  0.07040862 -0.04005011  1.0024278
 -0.01870671 -0.08514934 -0.09978451  0.33713663  0.38566232 -0.47715792
  0.0242997   0.07715981  0.10013732  0.74594027 -0.03250108  0.18463017
 -0.21203643  0.61770594  0.56311715  0.17289256  0.398989    0.57418996
 -0.28808102 -0.31801718 -0.38895273 -0.4408967   0.3000872   0.14344236
  0.2262534   0.12771758  1.1196258  -0.80357134  0.3162579   0.07366705
  0.5702385  -0.88497967 -1.0507658   0.37742585  0.03199645 -0.5196347
  0.04977393 -0.07322671 -1.062766    0.04883259  1.089059   -0.29731193
 -0.24572293  0.71549743 -0.34171098  0.79573977 -0.6140984  -0.17846249
  0.17074066  0.13210954]","[ 0.7172516   0.37793353  0.8770151   0.17124854 -0.80279285  0.09963783
 -0.11956965  0.14260885 -0.12823069 -0.13698038 -0.6389016   0.37811106
  0.5997086  -0.08004894  0.05962436 -0.35633495  0.37823907  0.7190486
 -0.15444282 -0.4474586  -0.37954935 -0.7371617   0.23721279 -0.23910186
  0.28640077 -0.35517958  0.13306056  0.14768368  0.83013344 -0.46815422
 -0.0670674   0.14289819  0.29477495  0.06988354  0.06210615  0.48625776
  0.10880006 -0.00638787  0.10564414 -0.12340439  0.5025813  -0.2368433
 -0.20088245  1.473903   -0.0490361  -0.02593015  0.50774825 -1.002498
 -1.1487164   0.4954419   0.5498261  -0.43549296 -0.24467921 -0.5635522
 -0.37734187  0.07781878  0.75721127  0.12172105  0.7339692  -0.4341328
 -0.41771632  0.32492328 -0.45343274 -0.878185    0.35654512 -0.36800623
 -0.07487667  0.52390623 -0.6202318  -0.03879491 -0.1393505  -0.6250187
  0.3683184   0.14925684 -0.2423238   0.36324537 -0.17369588  0.11873236
 -0.60974073  0.26027378  0.6627018  -0.3355033   0.3738382  -0.18394843
  0.00935156 -0.06723755 -1.0904303   0.19332759  0.12222047 -0.1550601
 -0.04937734 -0.7319478  -0.52174926 -0.24678026  0.00824522  1.1868137
  0.15624273  0.17681235  0.1640035   0.33629453 -0.23281446  0.4707523
 -0.21488851 -0.1137474  -0.19462636  0.41096377  0.1778556  -0.37296975
  0.44206682  0.02472521  0.76621693 -0.672472    0.08995199 -0.40561458
 -0.05865924  0.30052567  0.30161557 -0.27346078 -0.5064313   0.60166603
  0.34046394 -0.18864359 -0.41713563 -0.42644137  0.29369196 -0.16434471
 -0.13979977 -0.17107742]","[-1.56968161e-01  2.34856397e-01  7.44768441e-01  6.83281124e-02
  2.35132471e-01 -1.59246698e-01 -2.22969145e-04  4.16508585e-01
  5.71613669e-01 -4.64273125e-01  4.10877109e-01 -4.63309497e-01
 -5.09756446e-01  5.97615466e-02 -1.75108880e-01 -3.19084793e-01
  2.66254153e-02 -3.31713736e-01  1.20030892e+00 -6.58384040e-02
  1.46094948e-01 -1.15119696e-01  1.85175642e-01 -7.38036484e-02
  1.85418367e-01  1.80954203e-01  2.10459024e-01  3.51978600e-01
 -5.02551734e-01  3.35276186e-01 -2.64526248e-01  3.31995845e-01
 -1.79469824e-01 -2.67901570e-01  1.41742334e-01  5.93369119e-02
 -4.26836222e-01 -1.76219285e-01 -3.27938914e-01 -3.42840046e-01
  1.24487810e-01 -4.33468789e-01 -2.42182855e-02  4.49551046e-01
  3.34262729e-01  1.46436110e-01  7.60727704e-01 -7.47526348e-01
 -1.49582505e-01  9.68040302e-02  4.44563568e-01 -6.46505177e-01
  5.60115516e-01 -2.40859073e-02 -1.13533819e-02  4.52235609e-01
  4.87010986e-01 -6.03102565e-01  3.18094134e-01 -7.72397593e-03
 -3.13844442e-01 -1.93468630e-01  2.71274112e-02  1.46014914e-01
  2.98068076e-01  3.02409530e-01  2.77289540e-01  4.96581107e-01
 -5.74304044e-01 -4.34615165e-01  1.93283185e-01 -8.72656107e-01
 -3.42581868e-01  1.81786463e-01 -4.74103540e-01  9.77160454e-01
  3.31436917e-02 -1.37554556e-01 -6.05401509e-02 -2.60788530e-01
 -5.77757880e-02  6.86905459e-02 -6.53935611e-01  5.41724145e-01
 -3.50796461e-01 -1.51746094e-01 -3.16054255e-01  3.73928100e-01
  3.77976187e-02 -1.13976136e-01 -7.92664051e-01 -3.63166243e-01
 -2.56071091e-01 -3.27920824e-01  1.60185367e-01 -1.09256828e+00
 -3.99077445e-01 -2.56902337e-01  7.79658034e-02 -2.42773399e-01
  5.08527234e-02  2.66545326e-01 -2.14648440e-01  1.30654633e-01
 -4.53905433e-01  1.10554814e-01  2.34464467e-01  2.40802079e-01
  5.98517656e-01 -3.36105049e-01  8.35978016e-02  7.88792670e-02
  1.51585694e-02  3.15821737e-01  7.54035488e-02  2.80507773e-01
 -2.46027201e-01  3.50667536e-01  3.06984812e-01  4.64327037e-02
 -4.67449367e-01  1.54615124e-03  3.33128661e-01  8.97105560e-02
 -2.92567909e-01  4.52709228e-01 -6.12158000e-01 -3.62840444e-01]","[-7.79013208e-04 -2.07257167e-01 -2.73148507e-01  1.07102525e+00
  8.98318365e-02  6.29798025e-02 -1.54996365e-01 -5.53097069e-01
 -2.07143784e-01  4.43306327e-01  9.40748453e-01 -3.13151255e-02
  4.15905088e-01  1.27890140e-01 -1.28794059e-01  7.55498409e-02
 -1.95252925e-01  4.45741475e-01 -8.76525939e-02 -5.31070121e-02
  3.77361089e-01  4.90561426e-01 -8.66406500e-01  5.98002374e-01
  9.73502517e-01  7.08891928e-01 -2.19044834e-01  1.95896804e-01
 -2.03612000e-01  8.74081790e-01 -4.12362128e-01  1.10617447e+00
  1.63714141e-01  2.62148827e-01 -2.57937443e-02 -1.99816540e-01
  2.93535180e-02  1.41473070e-01  9.15798098e-02 -3.03824365e-01
 -7.80998409e-01 -3.21752191e-01 -4.58708227e-01 -6.98620304e-02
  8.93888235e-01  1.24116886e+00  2.62084544e-01  2.07527220e-01
 -8.20564210e-01 -4.58404468e-03 -5.34276903e-01 -3.22164059e-01
 -7.55214095e-02  1.87995434e-01  1.64226368e-01 -1.32399261e-01
  6.89260542e-01  1.18567437e-01 -1.03280926e+00 -3.00027132e-01
 -8.82385135e-01  1.67745754e-01  4.56861965e-03 -3.85120623e-02
  2.03491561e-02 -1.60185978e-01 -3.05815607e-01  2.48452500e-01
  5.74442804e-01 -6.42217770e-02  2.63197757e-02 -1.85602999e+00
  1.07596684e+00  1.84743494e-01 -2.79665411e-01 -1.18657696e+00
  1.76649883e-01  4.62553024e-01 -8.49110246e-01  2.51247078e-01
 -9.39443171e-01 -3.14911865e-02  1.90175563e-01 -6.41141951e-01
  1.23127155e-01  1.43656030e-01  5.81456907e-02  2.79685836e-02
 -8.45182985e-02 -4.52153720e-02  1.61879987e-01  1.75850123e-01
  1.88488722e-01  2.95108467e-01 -1.19272925e-01 -7.15416133e-01
  6.14026368e-01  4.31713909e-01 -5.17677777e-02  3.29684913e-01
  8.22334588e-01  1.00537014e+00  2.65142262e-01 -3.88928294e-01
 -2.31331468e-01 -2.37527788e-01 -7.37024367e-01  8.01535904e-01
  3.05736929e-01 -1.78649619e-01  3.98087800e-01 -2.73250695e-02
 -2.25399628e-01  4.12882119e-01 -3.15539002e-01  1.13598967e+00
  9.75027859e-01  3.06725740e-01 -2.56477326e-01  2.52316564e-01
 -6.81579560e-02 -1.00139344e+00 -6.74327537e-02 -7.89379478e-01
  5.87946177e-01  7.14081645e-01  1.00011453e-01  6.41481280e-02]"
egnn_last_layer,"[ 2.46887147e-01 -5.87971322e-03  1.72173083e-01  5.04203022e-01
  5.86842835e-01  4.59331095e-01  4.65274274e-01  9.20367762e-02
  4.20599580e-01  1.28026649e-01  2.87455052e-01 -6.39104284e-03
  7.92057693e-01  3.25654864e-01  1.23414956e-01  7.24154890e-01
  6.47598729e-02  3.80080014e-01  2.32255235e-01 -1.90611021e-03
  1.02341068e+00 -3.38717084e-03 -3.57976183e-03  5.94674647e-01
  1.65880650e-01 -3.13670933e-03 -4.41985670e-03  6.10962451e-01
 -1.97009160e-03  2.62339830e-01 -4.41505294e-03 -3.24248988e-03
  1.96772758e-02  1.86777279e-01 -1.75787369e-03  1.04644157e-01
  1.40679747e-01  1.45326689e-01  6.54927075e-01 -5.97863990e-41
  9.12632048e-01  4.33480531e-01  2.84077734e-01  3.24921548e-01
  5.01799136e-02 -3.51592363e-03  5.48860442e-39  5.52785993e-01
 -3.49885877e-03 -3.17127351e-03 -5.35073737e-03 -8.33239034e-03
  4.66791987e-01  8.41071978e-02  1.94040814e-03 -6.47539319e-03
  5.87169051e-01  7.26294279e-01 -5.03301248e-03  4.43155527e-01
 -2.59809452e-03  3.96854840e-02 -7.09749246e-03  2.38191605e-01
  3.05202663e-01  4.40940894e-02  4.57611978e-01 -3.90737085e-03
  3.09614271e-01  5.75396717e-01  7.86915123e-01 -1.75209832e-03
  1.85909793e-01 -7.38986884e-04 -3.45798422e-41  4.79147166e-01
 -3.41970101e-03  3.95246148e-01  6.18203837e-40  2.64124722e-39
  1.03763625e-01  1.13846332e-01 -1.24580029e-03  4.79164201e-40
  2.57890463e-01  1.73235193e-01 -5.47515368e-03 -8.29504395e-04
  6.23106700e-39 -2.96416664e-41  1.26481913e-02 -1.06469364e-04
 -4.15021414e-03 -1.89028389e-03  3.64143252e-02 -5.57775283e-03]","[ 4.63620871e-01 -7.32813030e-03 -7.85335200e-04  3.80840808e-01
  5.91109812e-01  5.11623323e-01  4.48164910e-01  7.25636110e-02
  4.88566339e-01  1.16929516e-01  2.45127380e-01 -6.39171759e-03
  8.55186939e-01  2.98684269e-01  1.29827321e-01  7.06424534e-01
  1.36362836e-01  5.51074207e-01  2.81735003e-01 -1.55650394e-03
  1.17822361e+00 -2.78807245e-03 -4.25593881e-03  6.26002014e-01
  1.75921679e-01 -4.14321432e-03 -4.15822538e-03  5.94905496e-01
 -2.22044531e-03  2.69004554e-01 -3.87409911e-03 -3.11018969e-03
  2.48426627e-02  2.27818206e-01 -1.69821002e-03  9.48683843e-02
  1.18189335e-01  1.60624504e-01  7.44256675e-01 -5.97863990e-41
  8.66067350e-01  4.54476714e-01  2.49974474e-01  3.35773945e-01
  6.45135865e-02 -2.45058071e-03  5.48860442e-39  5.26083648e-01
 -4.01942432e-03 -2.88658938e-03 -4.57260711e-03 -8.71034898e-03
  3.87661159e-01  6.80946335e-02 -1.61311845e-03 -7.07724504e-03
  6.93385422e-01  7.17496872e-01 -5.56769129e-03  4.33296114e-01
 -2.43404415e-03 -4.04248538e-04 -8.16519838e-03  1.96577787e-01
  2.88562119e-01  3.48902829e-02  5.21164000e-01 -3.75007885e-03
  3.89185637e-01  5.24212420e-01  7.67314434e-01 -1.80941937e-03
  1.62854254e-01 -7.51103216e-04 -3.45798422e-41  4.02692080e-01
 -3.07618664e-03  3.74150425e-01  6.18203837e-40  2.64124722e-39
  1.47463754e-01  1.15980633e-01 -1.33059558e-03  4.79164201e-40
  2.37479255e-01  2.38160819e-01 -6.84673525e-03 -6.95936149e-04
  6.23106700e-39 -2.96416664e-41 -2.19463720e-03 -1.35792873e-03
 -4.45013586e-03 -1.59489596e-03  2.88734101e-02 -5.43222018e-03]","[ 2.65096128e-01 -5.82185062e-03  1.25418171e-01  4.92257684e-01
  5.86738765e-01  4.59839314e-01  4.56960887e-01  9.45632756e-02
  4.10877854e-01  1.16298310e-01  2.56997764e-01 -6.25207927e-03
  7.95912087e-01  3.05457085e-01  1.23738766e-01  7.40709543e-01
  2.80942023e-02  3.77001494e-01  2.28949353e-01 -1.86368322e-03
  1.04541993e+00 -3.34554724e-03 -3.70326662e-03  6.23450875e-01
  1.71375632e-01 -3.15485685e-03 -4.41932026e-03  5.79211593e-01
 -1.94862625e-03  2.83976644e-01 -4.16812813e-03 -3.27944173e-03
  1.64433233e-02  2.09825948e-01 -1.78411952e-03  1.30713478e-01
  8.56029913e-02  1.64945349e-01  6.41446888e-01 -5.97863990e-41
  9.19610143e-01  4.41244304e-01  2.35022023e-01  3.31969649e-01
  4.25032228e-02 -3.11177270e-03  5.48860442e-39  5.31846702e-01
 -3.71845555e-03 -3.10848071e-03 -4.74743685e-03 -8.19329079e-03
  4.01700735e-01  1.03244103e-01 -2.37076514e-04 -6.35307841e-03
  5.74641585e-01  7.19959199e-01 -4.93615493e-03  4.40349698e-01
 -2.35708803e-03  1.77622028e-02 -7.10534025e-03  2.31732532e-01
  2.93168128e-01  1.08722765e-02  4.57843393e-01 -3.77838430e-03
  3.39083374e-01  5.42819560e-01  7.85998166e-01 -1.92934461e-03
  1.85579956e-01 -6.53193507e-04 -3.45798422e-41  4.25737172e-01
 -3.36628035e-03  4.02698547e-01  6.18203837e-40  2.64124722e-39
  6.88442066e-02  1.00376785e-01 -1.45274680e-03  4.79164201e-40
  2.72892684e-01  1.63385093e-01 -5.33008156e-03 -7.87754776e-04
  6.23106700e-39 -2.96416664e-41  3.57723646e-02 -3.31207324e-04
 -4.16237395e-03 -1.89294107e-03 -2.10666651e-04 -5.47698792e-03]","[ 3.0581680e-01 -6.1453031e-03  6.6978142e-02  4.4977996e-01
  5.8775645e-01  4.4498193e-01  4.6648973e-01  7.7788405e-02
  4.3221843e-01  1.1924349e-01  2.6101258e-01 -5.9167380e-03
  7.9922009e-01  3.0194926e-01  1.3186277e-01  7.2593474e-01
  7.1532033e-02  4.2935649e-01  2.6223144e-01 -1.9721671e-03
  1.0229057e+00 -3.6026265e-03 -3.8377575e-03  6.5633923e-01
  1.7696819e-01 -3.2216494e-03 -4.3017445e-03  5.7406658e-01
 -1.8960100e-03  2.6380190e-01 -3.9822459e-03 -3.1958350e-03
  6.9285952e-02  1.9873801e-01 -1.7065220e-03  1.6463010e-01
  4.3674000e-02  1.5166299e-01  6.3256121e-01 -5.9786399e-41
  8.8531071e-01  4.4466087e-01  2.4230528e-01  3.3741844e-01
  5.7900742e-02 -2.4927012e-03  5.4886044e-39  5.2408701e-01
 -3.6954628e-03 -3.2773097e-03 -5.2029644e-03 -8.5442467e-03
  3.8637114e-01  8.0054447e-02 -3.8088945e-04 -6.8385368e-03
  5.9277165e-01  7.2512430e-01 -5.3454596e-03  4.4645336e-01
 -2.8098517e-03  2.8226456e-02 -7.4595641e-03  2.1349996e-01
  2.9125652e-01 -1.8402487e-04  4.6101096e-01 -3.7227918e-03
  3.5040766e-01  5.3627121e-01  7.7315986e-01 -2.1857533e-03
  1.5545286e-01 -6.7900732e-04 -3.4579842e-41  4.4104570e-01
 -3.2151071e-03  3.9490214e-01  6.1820384e-40  2.6412472e-39
  6.8792209e-02  9.9778526e-02 -1.1544775e-03  4.7916420e-40
  2.7092260e-01  1.5444273e-01 -5.8904104e-03 -7.8066741e-04
  6.2310670e-39 -2.9641666e-41 -6.2078959e-04 -1.1921107e-03
 -4.4012321e-03 -1.6749067e-03  3.2170299e-03 -5.5624102e-03]","[ 1.56928957e-01 -5.60772093e-03  2.87033349e-01  5.51620126e-01
  5.81343234e-01  3.91150981e-01  4.33812737e-01  1.04271643e-01
  3.82507384e-01  1.35654166e-01  2.33870432e-01 -6.50969800e-03
  7.80579209e-01  2.67766207e-01  1.11945502e-01  7.39461124e-01
 -2.32415870e-04  3.35158706e-01  2.18891039e-01 -1.96329947e-03
  8.85981143e-01 -4.01718030e-03 -3.87258618e-03  4.85042602e-01
  1.60437763e-01 -3.31488601e-03 -4.53458307e-03  5.81355691e-01
 -2.63448525e-03  2.81816214e-01 -4.37113084e-03 -3.44614591e-03
 -2.30449601e-04  1.93700880e-01 -1.80857314e-03  1.43234074e-01
  1.30988136e-01  1.79756612e-01  6.18114889e-01 -5.97863990e-41
  9.21699762e-01  4.40059870e-01  3.72845203e-01  3.31021696e-01
  3.89937758e-02 -3.53354751e-03  5.48860442e-39  5.50836504e-01
 -3.60423792e-03 -3.19793192e-03 -5.16982609e-03 -7.67509267e-03
  3.46535981e-01  1.09280802e-01  6.13357387e-02 -6.04302343e-03
  5.85129201e-01  7.17374384e-01 -4.71441261e-03  4.34169054e-01
 -2.51264498e-03 -5.85393165e-04 -6.35872362e-03  2.41695061e-01
  2.88017452e-01  1.28591610e-02  4.30846006e-01 -3.52117908e-03
  3.17248493e-01  5.30014873e-01  7.94492662e-01 -1.80489209e-03
  2.01624528e-01 -9.31406801e-04 -3.45798422e-41  3.98105592e-01
 -3.43461893e-03  3.76873374e-01  6.18203837e-40  2.64124722e-39
  9.11445245e-02  1.05479911e-01 -1.47176429e-03  4.79164201e-40
  2.50502825e-01  1.27497569e-01 -4.62623918e-03 -9.04097746e-04
  6.23106700e-39 -2.96416664e-41  1.12379014e-01  1.30481450e-02
 -3.97776486e-03 -1.82625186e-03  8.79205670e-03 -5.45581849e-03]","[-1.01212889e-03  2.64982969e-01  2.94520962e-03  1.61289573e-01
  6.16946936e-01  7.33611107e-01  4.78493094e-01 -1.61321426e-03
  3.36287141e-01  1.82086661e-01  1.31385699e-02 -3.73878330e-03
  1.13668283e-02  4.16115075e-01 -3.54682608e-03  7.90436447e-01
 -3.35480087e-03  8.43335986e-01  1.98275268e-01  1.46325782e-01
  3.77036333e-01 -3.15784453e-03 -2.33303732e-03  3.59077007e-01
 -1.30810239e-03 -6.20891061e-03 -4.23840620e-03  3.14495027e-01
 -1.15780532e-03  4.40614313e-01 -1.40901725e-03 -1.36673316e-05
  3.62208605e-01  2.89065361e-01 -2.63482262e-03  1.67143475e-02
  7.06326962e-01  3.42926607e-02  5.07084787e-01 -5.97863990e-41
  1.64289880e+00  5.72641417e-02  4.71941292e-01  3.19331974e-01
  5.91169558e-02 -8.15842068e-05  5.48860442e-39  1.77180484e-01
 -3.49104987e-03 -3.12121701e-03 -8.09803430e-04 -4.54269303e-03
  6.17378891e-01 -1.22953369e-03  1.90832943e-01 -5.76503808e-03
  2.20085740e-01  1.22438230e-01 -5.41762030e-03  5.01191318e-01
 -5.07762124e-05  6.25300467e-01 -4.56045428e-03  1.92161892e-02
  2.88855374e-01  8.86039957e-02  4.65482950e-01 -2.48433463e-03
  3.10826786e-02  4.44693148e-01  7.95170128e-01  1.20223068e-01
  2.88954139e-01  9.98442061e-04 -3.45798422e-41  3.92933607e-01
 -1.95442350e-03  3.10406446e-01  6.18203837e-40  2.64124722e-39
  1.17508166e-01  7.39294589e-01  1.82116013e-02  4.79164201e-40
 -1.69524783e-03  5.59104800e-01 -2.30621011e-03  9.49126668e-03
  6.23106700e-39 -2.96416664e-41  1.67013288e-01 -5.53638733e-04
 -3.79949855e-03 -3.26196873e-03  5.69431065e-03 -8.76078755e-03]","[ 1.86599478e-01  6.90740868e-02 -2.14251364e-03  5.10000885e-02
  6.21313095e-01  8.96178305e-01  4.44067240e-01 -1.71081210e-03
  3.95091951e-01  1.89222261e-01 -4.34867368e-04 -4.17224690e-03
  4.76062745e-02  4.72605646e-01 -3.60626634e-03  7.95226157e-01
 -2.71250308e-03  9.57087934e-01  2.00762302e-01  1.87884077e-01
  5.89379013e-01 -2.34773732e-03 -1.95456832e-03  3.20370466e-01
 -1.28702179e-03 -6.64244080e-03 -4.44267737e-03  2.58375436e-01
 -8.84457142e-04  3.99250180e-01 -9.57897573e-04  1.37671754e-02
  4.55751985e-01  3.32822233e-01 -2.66468013e-03 -5.01654460e-04
  7.91809261e-01  5.25778867e-02  7.03208447e-01 -5.97863990e-41
  1.65595686e+00  8.20670053e-02  4.01757210e-01  3.19277674e-01
  4.92084473e-02  2.27212179e-02  5.48860442e-39  1.75784215e-01
 -4.50619031e-03 -2.58918852e-03 -8.19243578e-05 -4.97024413e-03
  6.61619782e-01 -1.10068102e-03 -3.95694224e-05 -6.39745779e-03
  3.71886939e-01  1.33707404e-01 -5.06541040e-03  4.96553063e-01
  2.64977068e-02  5.59038281e-01 -5.57803363e-03  4.96852724e-03
  2.74771512e-01  1.35560453e-01  5.57355404e-01 -2.48010666e-03
  9.94090214e-02  4.40709054e-01  8.22119415e-01  1.65694803e-01
  3.11474949e-01  1.32642202e-02 -3.45798422e-41  3.07575554e-01
 -1.89945009e-03  2.88722813e-01  6.18203837e-40  2.64124722e-39
  2.34858379e-01  7.28368878e-01  1.85712054e-02  4.79164201e-40
 -2.11267709e-03  6.33408070e-01 -4.31613997e-03  1.18917115e-02
  6.23106700e-39 -2.96416664e-41 -6.49185444e-04 -7.15446891e-04
 -3.84711684e-03 -3.38369561e-03  7.39339590e-02 -8.69642384e-03]","[ 5.3899360e-01 -1.6369597e-03 -5.3091068e-03 -1.2718292e-03
  6.3200444e-01  1.0300747e+00  4.4239664e-01 -1.6695075e-03
  5.0424522e-01  1.6820887e-01 -4.7085928e-06 -5.0944411e-03
  1.2151332e-01  5.4238462e-01 -3.5667142e-03  7.8998160e-01
 -8.4414420e-04  1.0720897e+00  2.1549335e-01  2.2892419e-01
  9.3636769e-01 -6.8333733e-04 -2.3162512e-03  4.1634834e-01
 -1.0264524e-03 -7.5885816e-03 -4.2697084e-03  2.7588502e-01
 -6.2732433e-04  3.5974157e-01 -7.7875121e-04  4.3435905e-02
  4.2638290e-01  3.7034708e-01 -2.6531969e-03 -1.4565031e-03
  8.3534086e-01  3.4116268e-02  9.0123320e-01 -5.9786399e-41
  1.6266577e+00  9.9103779e-02  2.5979987e-01  3.2634020e-01
  4.6903092e-02  2.9469792e-02  5.4886044e-39  2.0312138e-01
 -5.3088469e-03 -1.8386381e-03  9.0353206e-02 -5.8471416e-03
  7.4534446e-01 -1.2555782e-03 -3.0215702e-03 -7.4251452e-03
  5.0579613e-01  1.5773839e-01 -5.3060916e-03  4.8649579e-01
  4.7408856e-02  5.3107786e-01 -7.1667549e-03  4.5185429e-03
  2.6948550e-01  2.1834385e-01  6.6952825e-01 -2.8161879e-03
  1.4507489e-01  4.5303008e-01  8.2974124e-01  2.1920966e-01
  3.0653247e-01  1.6734282e-02 -3.4579842e-41  2.9156932e-01
 -1.9888093e-03  2.7175745e-01  6.1820384e-40  2.6412472e-39
  3.1755945e-01  7.0409811e-01  3.6427826e-02  4.7916420e-40
 -2.3748847e-03  7.2929382e-01 -6.6922391e-03  1.4947553e-02
  6.2310670e-39 -2.9641666e-41 -3.9055906e-03 -8.3562173e-04
 -4.2050164e-03 -3.4101808e-03  1.2218661e-01 -8.5407412e-03]","[ 1.58549413e-01 -7.13616537e-05 -1.49803550e-03  9.03994963e-02
  6.23468995e-01  8.58600855e-01  4.40293670e-01 -1.62639492e-03
  4.23293233e-01  1.85968682e-01  8.70530400e-03 -4.46107611e-03
  1.14280500e-01  4.60598499e-01 -3.42836929e-03  7.91415572e-01
 -1.97181781e-03  9.54383969e-01  1.99552342e-01  1.89645201e-01
  6.39804721e-01 -2.05229665e-03 -2.51472113e-03  2.96517879e-01
 -1.16405182e-03 -6.89171348e-03 -4.46710410e-03  3.32560241e-01
 -9.66635940e-04  4.09083515e-01 -1.30589760e-03  3.98577228e-02
  3.67076576e-01  3.42824787e-01 -2.67171813e-03 -1.18933618e-03
  7.79296100e-01  4.24099229e-02  7.21213639e-01 -5.97863990e-41
  1.64247024e+00  8.49671736e-02  3.55726421e-01  3.29373062e-01
  4.41245548e-02 -5.37672837e-04  5.48860442e-39  1.89821437e-01
 -4.38221870e-03 -2.23499793e-03 -1.48290259e-04 -5.01511199e-03
  7.08771229e-01 -1.16064982e-03 -2.37293571e-04 -6.47971360e-03
  3.84198785e-01  1.46728009e-01 -5.56091778e-03  4.96533275e-01
  1.65700074e-02  4.74868268e-01 -5.90334088e-03  8.69255047e-03
  2.78714865e-01  1.66500479e-01  5.77167630e-01 -2.45533092e-03
  1.12360045e-01  4.77509290e-01  8.20241690e-01  1.69606939e-01
  3.11713010e-01  1.15819760e-02 -3.45798422e-41  3.26464832e-01
 -2.05252087e-03  3.12418252e-01  6.18203837e-40  2.64124722e-39
  2.44392291e-01  7.20830679e-01  5.66860661e-03  4.79164201e-40
 -2.00142991e-03  6.49311483e-01 -4.63846605e-03  1.07031148e-02
  6.23106700e-39 -2.96416664e-41 -4.64150740e-04 -3.90366971e-04
 -4.01487295e-03 -3.51610803e-03  1.44407913e-01 -8.78111739e-03]","[ 6.1281592e-01 -1.5845987e-03 -6.0165767e-03 -1.5929374e-03
  6.3232082e-01  1.0816822e+00  4.5312259e-01 -1.6275098e-03
  5.0467855e-01  1.6300456e-01 -2.6675849e-04 -4.7531575e-03
  1.0422857e-01  5.5820477e-01 -3.6034160e-03  7.9054123e-01
 -9.0921676e-04  1.0657446e+00  2.1416752e-01  2.2818530e-01
  9.7543031e-01 -7.1040791e-04 -1.9387571e-03  4.8099762e-01
 -9.9682622e-04 -7.4448627e-03 -4.2423303e-03  2.4270476e-01
 -5.2151841e-04  3.5278854e-01 -7.2047935e-04  2.6446778e-02
  4.6823013e-01  3.6832872e-01 -2.6538798e-03 -1.3122511e-03
  8.6183697e-01  5.6980256e-02  9.2259872e-01 -5.9786399e-41
  1.6267761e+00  1.0374476e-01  2.2647133e-01  3.1710979e-01
  4.3075833e-02  2.1311393e-02  5.4886044e-39  2.1209373e-01
 -5.4514846e-03 -1.8837656e-03  8.6011820e-02 -6.3301655e-03
  7.5338811e-01 -1.1517528e-03 -3.3295378e-03 -7.4999826e-03
  5.2714431e-01  1.5641505e-01 -4.9747415e-03  4.8611832e-01
  7.1909159e-02  5.7375038e-01 -7.4793743e-03  8.2239509e-03
  2.7128986e-01  2.2949959e-01  6.6708189e-01 -2.9242765e-03
  1.2591216e-01  4.4141567e-01  8.2924849e-01  2.2162887e-01
  3.2312962e-01  1.3963244e-02 -3.4579842e-41  2.9533699e-01
 -2.0338588e-03  2.7206233e-01  6.1820384e-40  2.6412472e-39
  3.2688335e-01  6.9249278e-01  3.3841755e-02  4.7916420e-40
 -2.3899861e-03  7.1610850e-01 -7.0764995e-03  1.5483880e-02
  6.2310670e-39 -2.9641666e-41 -4.6870620e-03 -5.9931760e-04
 -4.0798616e-03 -3.4499045e-03  1.0229702e-01 -8.4549701e-03]","[ 5.7248279e-02  7.0796090e-01 -5.6057665e-03 -3.3909949e-03
  2.3433389e-01  1.2494918e+00  5.0966907e-01 -2.6032263e-03
 -2.2076298e-03  9.2811875e-02 -3.4821387e-03 -4.2045005e-03
 -5.7004765e-03 -7.2485399e-03 -4.7280407e-04 -5.6275241e-03
 -4.0750373e-03  6.0791761e-01 -3.8539464e-04  5.0783485e-02
  3.9990062e-01  1.2235212e-01  5.7428318e-01  4.8769915e-01
  1.6635500e-01  4.5594049e-01  4.0516970e-01 -3.4081535e-03
 -3.1487788e-03  8.1765972e-02  4.9480632e-01 -3.1441285e-03
  7.5831282e-01  2.1536641e-01  1.2441155e-01 -7.5597648e-04
  8.2950902e-01 -2.7593400e-03  3.7582609e-01 -5.9786399e-41
  2.4670237e-01  1.0751529e+00  2.6044941e-01 -5.1566372e-03
 -3.7076371e-04  6.3309908e-01  5.4886044e-39 -7.9192240e-03
 -3.4034818e-03  2.2188506e-01  5.8635134e-01 -5.2247345e-03
 -4.6089976e-03  7.7727413e-01  2.5129142e-01  8.2764083e-01
 -3.3183035e-04  6.7954612e-01  1.1401765e+00  2.2502778e-01
  1.0157673e+00  1.0286951e+00 -2.5038207e-03  2.7347866e-01
  7.2542560e-01 -4.4586845e-03  4.6402800e-01  3.3030987e-02
  2.2559145e-01 -3.7866249e-03  4.2151767e-01 -3.7220595e-03
  9.6306372e-01 -1.1064654e-03 -3.4579842e-41  1.7019629e-01
  4.6495017e-01 -3.7025011e-03  6.1820384e-40  2.6412472e-39
 -1.9669312e-03  1.0089325e+00  2.7585836e-02  4.7916420e-40
  1.0524720e-01 -3.0515078e-03 -1.5225346e-03  6.7773086e-01
  6.2310670e-39 -2.9641666e-41 -1.2435236e-03  4.1039515e-01
  4.9013877e-01 -7.3451264e-04 -1.3233098e-03 -1.2849550e-03]","[-7.23469246e-04  6.97995543e-01 -3.69958649e-03 -2.27249530e-03
  2.26108924e-01  1.14889145e+00  4.94142085e-01 -2.67402036e-03
 -2.16221344e-03  1.07757114e-01 -3.07722203e-03 -4.41250810e-03
 -5.28595597e-03 -7.62108434e-03 -2.55180028e-04 -5.78525010e-03
 -3.05684702e-03  5.88541448e-01 -4.39590367e-04  2.45932825e-02
  2.82030702e-01  6.06574565e-02  5.24601161e-01  3.44523519e-01
  1.64248466e-01  4.56219256e-01  4.05223429e-01 -2.89961277e-03
 -3.45980842e-03  6.14493005e-02  4.61794883e-01 -2.70282268e-03
  7.64320254e-01  2.07157686e-01  1.31137922e-01 -7.13682326e-04
  7.68881142e-01 -3.32103507e-03  3.14322799e-01 -5.97863990e-41
  2.35978797e-01  1.08317244e+00  2.33159125e-01 -5.31627145e-03
 -4.70902538e-04  5.78320503e-01  5.48860442e-39 -7.92594254e-03
 -3.27877095e-03  2.50337452e-01  5.03967047e-01 -4.05042153e-03
 -4.65244381e-03  8.00947011e-01  2.79975414e-01  8.70001793e-01
 -7.36728718e-04  6.90832376e-01  1.07494378e+00  2.23052353e-01
  9.39408898e-01  8.92088354e-01 -2.04121694e-03  2.75438458e-01
  7.23145843e-01 -4.83072363e-03  4.54767108e-01  6.36253357e-02
  2.48814434e-01 -3.56569490e-03  4.09531087e-01 -4.00333107e-03
  9.65311885e-01 -1.07349956e-03 -3.45798422e-41  1.69608563e-01
  4.68119532e-01 -3.57798394e-03  6.18203837e-40  2.64124722e-39
 -1.91186811e-03  1.00770128e+00  7.97844529e-02  4.79164201e-40
  1.19302310e-01 -3.79311014e-03 -1.16997748e-03  6.79260135e-01
  6.23106700e-39 -2.96416664e-41  2.53205817e-05  4.23973352e-01
  4.91971254e-01 -6.22119056e-04 -2.42316572e-04 -1.27654057e-03]","[ 1.4599913e-02  7.0878637e-01 -4.9996260e-03 -2.9107714e-03
  2.3130238e-01  1.2098824e+00  4.9413601e-01 -2.7323796e-03
 -2.3025789e-03  1.0855075e-01 -3.3569683e-03 -4.2324695e-03
 -5.4402044e-03 -7.1759904e-03 -3.2004659e-04 -5.7621575e-03
 -4.0609683e-03  5.6058598e-01 -3.0230422e-04  3.7849821e-02
  3.5858250e-01  9.3787812e-02  5.8636421e-01  4.3834800e-01
  1.6730133e-01  4.5213249e-01  3.8392538e-01 -3.5282129e-03
 -2.9254728e-03  7.4063234e-02  4.8977673e-01 -3.3723842e-03
  7.8259730e-01  2.2132963e-01  1.2828054e-01 -6.2523672e-04
  7.5393862e-01 -2.8136480e-03  3.5517651e-01 -5.9786399e-41
  2.4315195e-01  1.0690279e+00  2.9439077e-01 -4.9387291e-03
 -3.6429396e-04  6.2316817e-01  5.4886044e-39 -7.8681959e-03
 -3.2501256e-03  2.0747106e-01  5.7804757e-01 -5.0625009e-03
 -4.4438411e-03  7.5614518e-01  2.8279409e-01  8.2022458e-01
 -1.3871067e-04  6.9005978e-01  1.0773528e+00  2.2828741e-01
  9.2806816e-01  9.8479342e-01 -2.1741469e-03  2.7859780e-01
  7.2013557e-01 -5.0226576e-03  4.5239708e-01  3.2615136e-02
  2.2677927e-01 -3.6153148e-03  4.2210504e-01 -3.8176642e-03
  9.4306719e-01 -1.1854535e-03 -3.4579842e-41  1.3818502e-01
  4.6662584e-01 -3.7372466e-03  6.1820384e-40  2.6412472e-39
 -2.0787038e-03  1.0154917e+00  3.4727257e-02  4.7916420e-40
  1.2553090e-01 -3.1692940e-03 -1.2271338e-03  6.8353730e-01
  6.2310670e-39 -2.9641666e-41 -5.3071242e-04  3.7654960e-01
  4.9749956e-01 -8.2755490e-04 -1.2665727e-03 -1.3569141e-03]","[ 9.0330340e-02  6.9664681e-01 -5.9105842e-03 -3.5112642e-03
  2.3519611e-01  1.2346476e+00  5.0640732e-01 -2.6395838e-03
 -2.1480049e-03  1.0020777e-01 -3.5993261e-03 -4.0619732e-03
 -5.5982522e-03 -7.0158327e-03 -3.9688917e-04 -5.6090020e-03
 -4.2874417e-03  5.9017497e-01 -2.7625076e-04  4.3364696e-02
  4.1094312e-01  1.1070556e-01  5.7784384e-01  5.0728804e-01
  1.7062719e-01  4.4362026e-01  3.9777470e-01 -3.7489855e-03
 -2.9751842e-03  8.1133559e-02  4.9318811e-01 -3.3619814e-03
  7.7242368e-01  2.2139631e-01  1.2742457e-01 -4.4318172e-04
  7.7849770e-01 -2.6228549e-03  3.6932272e-01 -5.9786399e-41
  2.4752505e-01  1.0685959e+00  2.8070131e-01 -5.0196699e-03
 -3.2556767e-04  6.2470698e-01  5.4886044e-39 -7.6970658e-03
 -3.4088760e-03  2.0472248e-01  5.8572966e-01 -5.5650738e-03
 -4.6429462e-03  7.5453860e-01  2.3750935e-01  8.0561364e-01
 -1.9709432e-05  6.8273127e-01  1.1029388e+00  2.3317443e-01
  9.7535300e-01  1.0285913e+00 -2.5358880e-03  2.8247294e-01
  7.1968526e-01 -4.7504129e-03  4.5279470e-01  2.5001686e-02
  2.1802133e-01 -3.7358396e-03  4.1891202e-01 -3.7495773e-03
  9.5784986e-01 -1.2050290e-03 -3.4579842e-41  1.5495196e-01
  4.6009478e-01 -3.7738632e-03  6.1820384e-40  2.6412472e-39
 -2.0455515e-03  1.0096709e+00  1.5552095e-02  4.7916420e-40
  1.1483615e-01 -2.9988685e-03 -1.4961900e-03  6.7416257e-01
  6.2310670e-39 -2.9641666e-41 -1.3359990e-03  3.7157071e-01
  4.9170381e-01 -7.8884698e-04 -1.6656076e-03 -1.2350163e-03]","[ 6.04380816e-02  7.06871033e-01 -5.52000338e-03 -3.23491776e-03
  2.34001905e-01  1.23541236e+00  4.94721502e-01 -2.73638219e-03
 -2.27208599e-03  1.07468955e-01 -3.53576359e-03 -4.10399539e-03
 -5.47276903e-03 -6.98019983e-03 -3.31763702e-04 -5.73694706e-03
 -4.18804167e-03  5.66509843e-01 -2.81266315e-04  4.09054682e-02
  3.90786022e-01  9.73474756e-02  6.01309359e-01  4.66235250e-01
  1.72438353e-01  4.48001653e-01  3.79959524e-01 -3.77126061e-03
 -2.80195172e-03  7.04822093e-02  5.04974902e-01 -3.48546798e-03
  8.00809562e-01  2.24825621e-01  1.29808530e-01 -4.34844522e-04
  7.55462229e-01 -2.62455433e-03  3.63070250e-01 -5.97863990e-41
  2.44217440e-01  1.06536770e+00  2.96369106e-01 -4.87622619e-03
 -3.34598590e-04  6.33615434e-01  5.48860442e-39 -7.74452975e-03
 -3.30268405e-03  2.00522527e-01  5.83633602e-01 -5.37473569e-03
 -4.39136196e-03  7.44176149e-01  2.54548043e-01  8.04943085e-01
  3.16595822e-03  6.91145658e-01  1.07993066e+00  2.33648375e-01
  9.29123461e-01  1.01511264e+00 -2.30861362e-03  2.83809394e-01
  7.18323171e-01 -5.10551920e-03  4.49166000e-01  2.75506508e-02
  2.25184619e-01 -3.69876856e-03  4.21597719e-01 -3.79300560e-03
  9.43819582e-01 -1.21086917e-03 -3.45798422e-41  1.34831846e-01
  4.63204712e-01 -3.79907805e-03  6.18203837e-40  2.64124722e-39
 -2.04798952e-03  1.01623857e+00  2.87512764e-02  4.79164201e-40
  1.26270220e-01 -3.10421409e-03 -1.37371547e-03  6.81918919e-01
  6.23106700e-39 -2.96416664e-41 -9.89300082e-04  3.62906396e-01
  5.00229180e-01 -8.28336924e-04 -1.44979742e-03 -1.26143254e-03]","[-8.00180249e-04  7.84514844e-01 -1.76321657e-03  8.64091963e-02
  3.15383710e-02  1.04266703e+00  3.16340774e-01  5.68628386e-02
  4.69573948e-04  2.59298831e-01 -1.22038589e-03 -3.45937745e-03
 -3.82139254e-03 -1.98395387e-03  1.99861348e-01  6.15648516e-02
 -1.47640181e-04 -1.15699777e-02 -2.22566770e-03 -2.09224480e-03
  1.01368278e-01  2.72585303e-01  1.12425745e+00 -3.71612608e-03
  3.15934092e-01  7.30579555e-01  6.76099658e-02 -3.21242958e-03
 -6.08157553e-03 -4.49538510e-03 -9.68229200e-04 -1.02937315e-03
 -4.37881146e-03  2.56093681e-01  1.80645049e-01 -9.83954291e-04
  4.79536772e-01 -2.52871332e-03  2.94428974e-01 -5.97863990e-41
 -7.91957282e-05  2.73600549e-01  3.41923654e-01  3.68216753e-01
  1.10006623e-03 -8.24832451e-03  5.48860442e-39  5.60345888e-01
 -3.24215903e-03  2.93237209e-01  8.22784901e-01 -4.03245632e-03
  8.23939383e-01  1.09977394e-01 -6.55665353e-05  9.31049943e-01
 -4.30675951e-04  1.27147332e-01  1.08884394e+00  3.92152280e-01
 -2.78938119e-03  2.52580792e-01 -2.49642832e-03  9.80980098e-01
  4.35798764e-01  1.59083396e-01  2.61341304e-01  2.72938639e-01
 -2.56467392e-05 -3.87467677e-03 -6.89506822e-04  2.51328617e-01
  1.01968825e+00 -5.95343392e-03 -3.45798422e-41  1.88453764e-01
 -4.04071389e-03 -1.06864534e-02  6.18203837e-40  2.64124722e-39
 -4.27893689e-03  5.74947655e-01  6.65815175e-02  4.79164201e-40
 -5.44825976e-04 -4.41932771e-03  4.09673899e-02  2.03664586e-01
  6.23106700e-39 -2.96416664e-41  1.93960950e-01  7.32547760e-01
  1.17851961e+00 -6.81193825e-03 -4.61374322e-04  3.19175452e-01]","[-9.0535852e-04  8.1409627e-01 -1.9481307e-03  8.0487117e-02
  3.1440802e-02  9.8706508e-01  3.3956560e-01  6.8395503e-02
 -3.1699969e-06  2.6372865e-01 -1.0885949e-03 -3.2627981e-03
 -3.5961391e-03 -1.7697886e-03  2.0812871e-01  7.8249924e-02
 -6.2392629e-04 -1.1979184e-02 -2.1610074e-03 -2.1393918e-03
  1.3965610e-01  2.8169230e-01  1.1089321e+00 -2.4532930e-03
  3.0481753e-01  7.3602283e-01  6.7016475e-02 -3.2890374e-03
 -6.0923495e-03 -4.2355913e-03 -1.1213765e-03 -1.3138759e-03
 -4.9465457e-03  2.5566220e-01  1.7275268e-01 -6.3494040e-04
  4.2118821e-01 -2.5857913e-03  2.5422823e-01 -5.9786399e-41
  6.5003000e-03  2.6694810e-01  3.8681871e-01  3.7026820e-01
  4.3632546e-03 -8.1278803e-03  5.4886044e-39  5.6315649e-01
 -2.9919727e-03  2.2700654e-01  8.3294833e-01 -4.8530912e-03
  8.2035404e-01  9.4643489e-02  1.9379955e-02  8.9725971e-01
 -1.2753876e-04  1.2487205e-01  1.0445769e+00  3.8813883e-01
 -3.0332212e-03  3.2742822e-01 -2.8607841e-03  9.7428614e-01
  4.4389245e-01  1.4546724e-01  2.2060581e-01  2.4532071e-01
 -3.2745898e-04 -3.7522826e-03 -5.6434073e-04  2.2492246e-01
  1.0178523e+00 -6.1012129e-03 -3.4579842e-41  2.2459774e-01
 -3.9522052e-03 -1.0685467e-02  6.1820384e-40  2.6412472e-39
 -4.7773900e-03  5.7599252e-01  2.1500407e-02  4.7916420e-40
 -1.8670327e-04 -3.9860252e-03  5.3880479e-02  2.0041288e-01
  6.2310670e-39 -2.9641666e-41  2.1467556e-01  6.7678356e-01
  1.1697035e+00 -7.0448671e-03 -1.4402872e-03  3.0065891e-01]","[-2.80880067e-03  8.74976337e-01 -2.41060668e-04  2.14859411e-01
  1.52295670e-02  9.38331902e-01  3.51967037e-01  5.84491231e-02
 -3.34300217e-04  2.65010536e-01 -7.37245427e-04 -3.55968042e-03
 -3.11054988e-03 -2.34885141e-03  2.17701867e-01  4.67361547e-02
 -1.20678771e-04 -1.20072588e-02 -2.28775409e-03 -2.45874887e-03
  2.11099908e-02  2.34322026e-01  1.10874832e+00 -3.36850318e-03
  3.08868915e-01  8.32805693e-01  8.15165117e-02 -2.30765226e-03
 -5.94642665e-03 -4.39819368e-03 -1.46793434e-03 -1.29435153e-03
 -4.28802939e-03  2.20865220e-01  1.85233414e-01 -7.27741630e-04
  4.26666737e-01 -3.13627953e-03  1.77247539e-01 -5.97863990e-41
 -7.47393351e-05  2.64916629e-01  3.19468170e-01  3.53712529e-01
  1.32355243e-02 -8.21415056e-03  5.48860442e-39  5.56292474e-01
 -3.00010131e-03  2.69415855e-01  7.19965816e-01 -4.01541451e-03
  8.28714311e-01  1.23909809e-01  1.34607434e-01  9.66744125e-01
 -1.26006245e-03  1.21595465e-01  1.03728867e+00  3.89299601e-01
 -3.12548713e-03  3.08176398e-01 -2.12664693e-03  9.88132298e-01
  4.71615344e-01  1.24541074e-01  2.10812107e-01  2.41071254e-01
  3.69441113e-03 -3.59529699e-03 -8.07668781e-04  2.06182241e-01
  1.01747143e+00 -5.75287873e-03 -3.45798422e-41  2.79338270e-01
 -3.93693289e-03 -1.04025956e-02  6.18203837e-40  2.64124722e-39
 -4.93706297e-03  5.67992628e-01  9.69791189e-02  4.79164201e-40
  2.35899594e-02 -5.03061106e-03  1.31822139e-01  2.07582504e-01
  6.23106700e-39 -2.96416664e-41  3.68818790e-01  7.11127341e-01
  1.18617654e+00 -6.72150915e-03 -2.58777203e-04  3.09821010e-01]","[-2.42656461e-04  7.96645582e-01 -3.42597556e-03  2.82784849e-02
  2.02134158e-02  1.08741510e+00  3.75098318e-01  7.34030977e-02
 -1.49809319e-04  2.51620799e-01 -1.20647182e-03 -3.06784711e-03
 -3.38975992e-03 -1.36827829e-03  2.12068260e-01  5.68386838e-02
  4.26190719e-02 -1.22398026e-02 -2.40926235e-03 -1.94385962e-03
  2.19819084e-01  3.15271527e-01  1.22916842e+00 -1.85310014e-03
  3.06847334e-01  7.98607469e-01  7.37663358e-02 -3.28443432e-03
 -5.80903003e-03 -4.55465820e-03 -8.26865726e-04 -1.10089954e-03
 -4.35607089e-03  2.45443553e-01  1.85238972e-01 -6.74534938e-04
  5.43879449e-01 -2.73291161e-03  2.84461558e-01 -5.97863990e-41
 -4.07944644e-05  2.53717989e-01  3.13217789e-01  3.69620413e-01
  8.53879750e-03 -7.76831666e-03  5.48860442e-39  5.60388982e-01
 -2.74095708e-03  2.25009471e-01  7.89346874e-01 -5.65806450e-03
  9.03758824e-01  1.19021438e-01  6.22035994e-04  9.24355984e-01
 -4.87875193e-04  1.18482366e-01  1.17552805e+00  3.88810992e-01
 -2.33342778e-03  4.88192767e-01 -3.86598916e-03  9.88108516e-01
  4.77228999e-01  2.11168990e-01  2.13950917e-01  2.08993003e-01
 -4.29628068e-04 -4.21711896e-03 -5.81251399e-04  2.49362484e-01
  1.02380431e+00 -5.83971478e-03 -3.45798422e-41  3.09474260e-01
 -3.85750853e-03 -1.09560592e-02  6.18203837e-40  2.64124722e-39
 -4.57517011e-03  5.74362516e-01  7.02676475e-02  4.79164201e-40
 -1.76034082e-04 -4.14660154e-03 -5.24281757e-04  2.14240968e-01
  6.23106700e-39 -2.96416664e-41  7.50893429e-02  7.67198205e-01
  1.19615257e+00 -6.97056204e-03 -9.12400021e-04  3.28301370e-01]","[-1.95766217e-03  8.95923078e-01 -1.40458788e-03  1.58569202e-01
  2.54617427e-02  9.70458388e-01  3.54533464e-01  5.99060170e-02
 -2.91727862e-04  2.72179663e-01 -1.09331356e-03 -3.19771515e-03
 -3.25767510e-03 -2.10124068e-03  2.15683520e-01  5.31587601e-02
 -6.09944575e-04 -1.19791469e-02 -2.20329082e-03 -2.33013020e-03
  1.09779529e-01  2.53815144e-01  1.12587476e+00 -2.45505199e-03
  3.05997074e-01  8.14557731e-01  7.76431710e-02 -2.94758007e-03
 -5.87652903e-03 -4.11737803e-03 -1.16770423e-03 -1.42514717e-03
 -4.40460118e-03  2.43617713e-01  1.73972294e-01 -5.91357122e-04
  4.08642054e-01 -2.68224534e-03  1.86927557e-01 -5.97863990e-41
  2.20722839e-04  2.69524664e-01  3.40000093e-01  3.58361363e-01
  8.56035575e-03 -7.86709506e-03  5.48860442e-39  5.50637186e-01
 -2.68313591e-03  2.32075408e-01  7.97457576e-01 -4.61203698e-03
  8.00392389e-01  1.08542144e-01  9.39220786e-02  9.29065585e-01
 -6.85760810e-04  1.24262504e-01  1.03640974e+00  3.80261272e-01
 -2.88699125e-03  3.71262997e-01 -2.30843201e-03  9.75356936e-01
  4.64716494e-01  1.01806812e-01  2.05150232e-01  2.21531883e-01
 -1.26592204e-04 -3.68918385e-03 -5.47133619e-04  1.97243541e-01
  1.03442299e+00 -5.98290050e-03 -3.45798422e-41  2.51543164e-01
 -3.85646219e-03 -1.04183517e-02  6.18203837e-40  2.64124722e-39
 -5.10839885e-03  5.73060870e-01  3.86022925e-02  4.79164201e-40
  4.32333797e-02 -4.52197203e-03  1.33040279e-01  2.04552874e-01
  6.23106700e-39 -2.96416664e-41  3.37646365e-01  6.56509817e-01
  1.18148351e+00 -6.91981381e-03 -1.41143508e-03  3.06707472e-01]","[ 4.45935637e-01 -4.08598408e-03 -4.21379087e-03  2.62372214e-02
  2.56220490e-01  6.83436215e-01  5.06871521e-01 -9.61453654e-04
  5.16769528e-01  1.78119496e-01  4.27130878e-01 -7.37166451e-03
  7.08385646e-01  2.65082985e-01  3.24704349e-01  3.47207338e-01
 -9.76151554e-04  8.17807794e-01  8.14572632e-01 -1.81747624e-03
  1.32004714e+00  8.08740482e-02 -2.50905892e-03  6.88207209e-01
  1.17205270e-01 -2.22047020e-04 -1.60561793e-03  3.91933352e-01
  3.53441685e-01 -6.35197095e-04 -3.81473306e-04 -2.72378116e-03
  5.87328434e-01  2.78123558e-01  1.14872575e-01 -1.25623133e-03
 -2.46493891e-03 -3.52049666e-03  7.40165114e-01 -5.97863990e-41
 -6.14077260e-04  3.93095076e-01  3.37702781e-01  4.52174485e-01
  5.25182605e-01  4.05959755e-01  5.48860442e-39  2.38182824e-02
 -5.61479665e-03  9.10190269e-02  5.83288036e-02 -9.88360588e-03
  5.44051290e-01 -1.79015379e-03 -2.45618867e-03 -5.64645417e-03
  7.00086653e-01  5.26584744e-01 -9.20466147e-03  5.66914022e-01
 -5.81854768e-03 -2.13058502e-03 -9.59395058e-03 -1.88292135e-04
  4.54457343e-01 -6.49580546e-03  5.80027163e-01 -1.00133929e-03
  6.94914579e-01  4.49150950e-01  3.76403183e-01 -3.07944766e-03
 -4.51312587e-03  3.06006093e-02 -3.45798422e-41 -4.37262410e-04
  9.05985907e-02 -4.07204469e-04  6.18203837e-40  2.64124722e-39
 -2.48940126e-03  3.00085813e-01 -6.02966174e-05  4.79164201e-40
  1.15703955e-01  5.25552988e-01 -6.77834731e-03  1.61085933e-01
  6.23106700e-39 -2.96416664e-41 -2.25262623e-03 -5.29459305e-03
 -3.16131860e-03  2.63069391e-01 -1.14945241e-03 -3.43811116e-03]","[ 5.3039527e-01 -4.7089914e-03 -4.9787313e-03  1.1164676e-02
  2.5899681e-01  6.9152212e-01  5.3165656e-01 -9.3514100e-04
  5.5724257e-01  1.6958115e-01  4.4136950e-01 -7.0907315e-03
  7.9419494e-01  2.6563352e-01  3.2797712e-01  3.2928962e-01
  8.3165087e-02  8.6376089e-01  7.9186928e-01 -1.7397553e-03
  1.3811163e+00  8.0444716e-02 -2.6472288e-03  7.6382363e-01
  1.2896088e-01 -1.1959544e-04 -1.5233039e-03  4.4689229e-01
  3.3077937e-01 -6.6552113e-04 -5.7560508e-04 -2.5648302e-03
  5.9747159e-01  2.6069859e-01  1.1059212e-01 -1.1561100e-03
 -2.1194625e-03 -3.3633662e-03  7.6670885e-01 -5.9786399e-41
 -4.8732513e-04  3.9865020e-01  2.0673618e-01  4.4911519e-01
  5.0439709e-01  3.8733271e-01  5.4886044e-39  1.1164776e-02
 -5.2299718e-03  8.9410983e-02 -6.6812534e-04 -1.0451246e-02
  5.6751931e-01 -1.5252472e-03 -2.9516828e-03 -5.7429979e-03
  6.9214517e-01  5.1739836e-01 -9.2806388e-03  5.5727667e-01
 -5.6136083e-03 -2.1395206e-03 -1.0335906e-02 -2.1706066e-04
  4.7347638e-01 -6.3064895e-03  5.9102952e-01 -1.5272835e-03
  6.8960994e-01  4.6326149e-01  3.7208694e-01 -3.3739591e-03
 -4.3078447e-03  3.7335705e-02 -3.4579842e-41  3.4018535e-02
  9.9186890e-02 -2.7266701e-04  6.1820384e-40  2.6412472e-39
 -1.9134217e-03  2.9699200e-01  3.1327751e-02  4.7916420e-40
  1.5017560e-01  4.7899124e-01 -7.6547093e-03  1.7651850e-01
  6.2310670e-39 -2.9641666e-41 -3.8034327e-03 -5.2849269e-03
 -3.0503133e-03  2.6518849e-01 -5.1535107e-04 -3.7053179e-03]","[ 5.43483973e-01 -4.51629702e-03 -4.80874768e-03  2.68645082e-02
  2.58137912e-01  7.29342937e-01  5.28917551e-01 -9.90331406e-04
  5.26639163e-01  1.77526727e-01  4.09058601e-01 -7.36386329e-03
  7.77478695e-01  2.65202940e-01  3.30268323e-01  3.26471835e-01
 -1.06224223e-04  8.34012866e-01  7.96867967e-01 -1.59990112e-03
  1.33544970e+00  6.43402487e-02 -2.03351141e-03  7.36826241e-01
  1.25335217e-01  1.80537049e-02 -1.42106833e-03  4.13524449e-01
  3.43929499e-01 -7.67252874e-04 -2.05596254e-04 -2.73395958e-03
  6.41617179e-01  2.60742277e-01  1.11377195e-01 -8.89316550e-04
 -1.96462008e-03 -3.45790503e-03  7.50777304e-01 -5.97863990e-41
 -4.81904892e-04  3.95625323e-01  2.26717293e-01  4.36313421e-01
  5.13134539e-01  4.23047900e-01  5.48860442e-39  1.70440637e-02
 -5.50978724e-03  7.90504664e-02  1.66717102e-04 -1.01736747e-02
  5.13548672e-01 -1.55911548e-03 -2.72189314e-03 -5.76226180e-03
  7.01485276e-01  5.28834939e-01 -8.30353051e-03  5.62084973e-01
 -5.20261889e-03 -1.59046240e-03 -9.89273749e-03 -2.26821561e-04
  4.62906182e-01 -6.24483917e-03  5.84004164e-01 -1.46169239e-03
  6.86825573e-01  4.27494884e-01  3.82371664e-01 -3.08756996e-03
 -4.30890499e-03  4.94478010e-02 -3.45798422e-41 -1.78931095e-05
  9.18043777e-02 -3.73598450e-04  6.18203837e-40  2.64124722e-39
 -1.96976494e-03  2.93787986e-01  3.75365280e-02  4.79164201e-40
  1.55381218e-01  4.70248163e-01 -7.26344809e-03  1.61021098e-01
  6.23106700e-39 -2.96416664e-41 -3.08337831e-03 -4.90502128e-03
 -3.04438290e-03  2.77216673e-01 -8.70940916e-04 -3.52901989e-03]","[ 3.3910742e-01 -2.5205666e-03 -3.3108499e-03  9.1258638e-02
  2.3884000e-01  6.9490492e-01  5.4768270e-01 -1.0303190e-03
  4.8258761e-01  1.8922916e-01  4.3704107e-01 -6.8892245e-03
  7.3295814e-01  3.0513135e-01  3.2089123e-01  3.0021268e-01
 -4.8111085e-04  8.7389046e-01  8.0684370e-01 -1.9207560e-03
  1.1621616e+00 -3.1246161e-04 -1.8306180e-03  6.9001389e-01
  1.1509431e-01  5.7974875e-02 -1.4585073e-03  4.3706924e-01
  4.0970838e-01 -7.6842296e-04 -4.1901568e-04 -2.8205367e-03
  7.6883572e-01  2.2317788e-01  1.2374463e-01 -7.0559856e-04
 -2.1529803e-03 -3.5941890e-03  6.3115895e-01 -5.9786399e-41
 -6.3134264e-04  3.8560811e-01  3.2337764e-01  4.4678515e-01
  5.3291386e-01  5.1974416e-01  5.4886044e-39 -2.3429967e-04
 -4.7504320e-03  2.4366457e-02 -1.1466529e-03 -9.2972862e-03
  5.7342684e-01 -1.4871329e-03 -1.1430397e-03 -5.1893280e-03
  5.7933354e-01  5.1284689e-01 -8.9933751e-03  5.7004631e-01
 -5.8701369e-03 -2.9829511e-04 -8.8296980e-03 -4.8285365e-04
  4.8913756e-01 -6.7552575e-03  5.3294992e-01 -1.6163057e-03
  6.8122202e-01  5.0431138e-01  3.7057355e-01 -3.6149698e-03
 -4.8930906e-03  7.3526844e-02 -3.4579842e-41  7.5394802e-02
  1.2734875e-01 -9.8241559e-05  6.1820384e-40  2.6412472e-39
 -2.2285799e-03  3.0464277e-01  8.4948465e-02  4.7916420e-40
  1.6540198e-01  4.5943117e-01 -6.0957931e-03  1.7169049e-01
  6.2310670e-39 -2.9641666e-41 -1.8149819e-03 -5.8409562e-03
 -3.1008304e-03  3.2420719e-01 -3.7336082e-04 -3.5177013e-03]","[ 4.4679236e-01 -2.9927762e-03 -4.0489477e-03  5.9317108e-02
  2.4154338e-01  7.5731587e-01  5.3642631e-01 -8.5731607e-04
  4.8704448e-01  1.8824065e-01  3.9038458e-01 -7.1969330e-03
  7.2111905e-01  3.4827259e-01  3.3212331e-01  3.0284148e-01
 -1.0229178e-03  8.1003332e-01  8.0429769e-01 -1.6437770e-03
  1.1742641e+00  5.7742507e-03 -1.0782735e-03  6.5415329e-01
  1.1522415e-01  4.7927577e-02 -1.4323333e-03  3.9517131e-01
  4.2681673e-01 -9.5082074e-04 -5.3026323e-04 -3.0176181e-03
  7.6038444e-01  2.3667642e-01  1.2421876e-01 -5.6470168e-04
 -1.6898188e-03 -2.9877056e-03  6.7671752e-01 -5.9786399e-41
 -7.6238340e-04  3.8063377e-01  2.8340974e-01  4.5136252e-01
  5.5100155e-01  4.5013797e-01  5.4886044e-39  9.6808877e-03
 -4.7274893e-03  2.9426562e-02  2.7775224e-05 -9.2093963e-03
  5.7496476e-01 -1.4054618e-03 -1.6433448e-03 -5.0572176e-03
  6.1136723e-01  5.3732789e-01 -8.0752382e-03  5.7491845e-01
 -5.6288433e-03  7.2670094e-04 -8.6521246e-03 -2.9524596e-04
  4.6665651e-01 -6.2778872e-03  5.4304481e-01 -1.7237653e-03
  6.3515496e-01  4.6219870e-01  3.8245556e-01 -2.6737421e-03
 -4.6995464e-03  5.8964416e-02 -3.4579842e-41  1.1282592e-02
  1.0184796e-01 -1.8249275e-04  6.1820384e-40  2.6412472e-39
 -1.8770386e-03  2.8953624e-01  7.8800239e-02  4.7916420e-40
  1.5500307e-01  4.6710166e-01 -5.9819827e-03  1.5271905e-01
  6.2310670e-39 -2.9641666e-41 -2.1421805e-03 -4.9701766e-03
 -3.0809806e-03  3.2903439e-01 -1.1244053e-03 -3.1891076e-03]","[-8.70605651e-03 -2.43032235e-03 -2.90511642e-03  1.32495940e+00
  5.17414331e-01 -1.52286189e-02  1.61153764e-01  1.79828294e-02
  5.24103522e-01  2.77884185e-01 -2.91290437e-03  4.91093665e-01
  1.44071889e+00 -2.26183888e-03  4.64438289e-01  6.16390824e-01
  1.69350100e+00 -8.49716086e-03  2.85053104e-01 -3.84599855e-03
 -9.41270776e-03 -1.40810357e-02 -1.14322482e-02 -6.01586048e-03
  9.30748433e-02 -9.66246892e-03 -2.96570617e-03  1.11988395e-01
 -1.05485292e-02  4.33599859e-01 -9.26466938e-03  9.68266800e-02
 -8.96767713e-03  2.79769659e-01 -1.40951620e-03  8.31398547e-01
 -1.41912838e-02  7.73495972e-01 -7.21758232e-03 -5.97863990e-41
  1.09351134e+00  3.56064081e-01 -2.67520710e-03  4.68216568e-01
  4.49572988e-02 -8.28333944e-03  5.48860442e-39  4.80439931e-01
  2.06816077e+00 -8.02296307e-03 -9.81412921e-03  2.92757839e-01
 -9.09325946e-03  6.28375113e-02  4.09490585e-01 -2.04492663e-03
 -1.78073894e-03  5.83978295e-01 -1.36287743e-02  4.63473916e-01
 -1.27576040e-02 -1.11675924e-02  6.42610431e-01  2.04691574e-01
 -7.07759813e-04 -6.64889580e-03 -1.04346254e-03 -1.22907630e-03
 -2.37630960e-03 -1.27955002e-03  8.66024137e-01 -5.74530009e-03
  2.42474243e-01 -4.64299461e-03 -3.45798422e-41  5.75493239e-02
 -2.53348937e-03  2.89802879e-01  6.18203837e-40  2.64124722e-39
 -7.15089124e-03  1.83683962e-01  3.36931527e-01  4.79164201e-40
  7.46683180e-01 -7.71977985e-03  9.82891262e-01 -4.86324425e-05
  6.23106700e-39 -2.96416664e-41  1.34868407e+00 -6.49501011e-03
 -4.47710371e-03 -2.38538400e-04 -6.79649820e-04 -1.64748030e-03]","[-5.75462449e-03 -9.49947455e-04  2.48315204e-02  8.71437192e-01
  5.95502555e-01 -9.60432645e-03  2.75469571e-01 -1.36110315e-03
  4.42054600e-01  1.32018879e-01 -3.42121348e-03  6.23495877e-01
  1.13465250e-01 -3.13342735e-03  4.82428260e-02  7.11256325e-01
  5.16152024e-01 -7.01718125e-03  1.89347550e-01  6.95016235e-02
 -9.91935376e-03 -1.14676207e-02 -8.41851626e-03 -2.47405795e-03
 -1.32084498e-03 -6.83109136e-03 -3.27797979e-03 -5.13539359e-04
 -8.84637237e-03  7.83460915e-01 -3.57790850e-03  5.12637794e-01
 -6.74292352e-03  2.44774386e-01 -2.49782181e-03  6.92326725e-01
 -1.17013119e-02  8.10581982e-01 -5.82971331e-03 -5.97863990e-41
  1.62129343e+00  6.05573952e-02 -2.27704528e-03  2.96686977e-01
 -1.34278584e-04 -7.79120391e-03  5.48860442e-39  1.07498124e-01
  1.68765795e+00 -6.73257560e-03 -4.09761351e-03  9.21841860e-01
 -7.82152917e-03 -4.39056981e-04  6.72236204e-01 -2.00986015e-05
 -4.32166923e-03  8.61964896e-02 -9.67556424e-03  5.03715098e-01
 -8.57407879e-03 -9.66814160e-03  6.49544239e-01  2.18807068e-02
 -8.34005070e-04 -5.93526522e-03  9.17905848e-03  2.80425046e-02
 -2.29177019e-03 -3.30411131e-03  7.86240637e-01 -3.80740734e-03
  3.85725766e-01 -2.78960797e-03 -3.45798422e-41 -1.82073112e-04
 -1.52363360e-03  3.09973508e-01  6.18203837e-40  2.64124722e-39
 -4.31219162e-03  6.66357040e-01  3.71294729e-02  4.79164201e-40
  2.31944427e-01 -5.82827535e-03  1.23217249e+00 -3.90284695e-04
  6.23106700e-39 -2.96416664e-41  1.53081930e+00 -2.74059875e-03
 -2.95790122e-03 -2.40073935e-03 -2.59286421e-03 -4.51122643e-03]","[-9.30169597e-03  5.48108578e-01 -3.03513720e-03  9.12231088e-01
  1.70680285e-01 -1.12147965e-02  2.65556097e-01 -2.79652560e-03
 -6.51532493e-04 -3.80211190e-04 -4.10823943e-03  5.92122138e-01
 -2.95177242e-03 -1.13372514e-02  3.95459324e-01 -5.80241298e-03
  9.12633836e-01 -1.03658475e-02 -1.12240622e-03  4.22315579e-03
 -1.12876827e-02 -6.57059439e-03 -6.80018356e-03 -5.94019238e-03
  1.31801277e-01 -1.80088193e-03  4.90726441e-01 -5.15605742e-03
 -1.32190054e-02  3.58153373e-01 -3.26495990e-03  5.47330737e-01
 -8.90972745e-03  2.69413441e-02  1.76178262e-01  1.75280973e-01
 -1.54137695e-02  1.02932937e-01 -1.01741906e-02 -5.97863990e-41
  3.13735068e-01  1.02951860e+00  9.04066265e-02 -5.70941065e-03
 -1.30085659e-03 -6.02983171e-03  5.48860442e-39 -7.61921285e-03
  2.16251183e+00 -2.97248410e-03 -2.05511972e-03  1.56243098e+00
 -1.35695897e-02  8.16167951e-01  8.93546283e-01  2.00294733e+00
 -8.80418159e-03  6.61253393e-01 -5.42636635e-03  2.30270550e-01
 -7.14598503e-03 -7.80452462e-03  1.23122311e+00  3.09520125e-01
  4.36781108e-01 -1.20713906e-02 -2.46989250e-04  1.35141328e-01
 -2.17594672e-03 -5.74716274e-03  3.36213380e-01 -7.50749931e-03
  9.05006647e-01 -5.89659810e-03 -3.45798422e-41 -9.29212256e-04
  4.73184586e-01 -2.46911426e-03  6.18203837e-40  2.64124722e-39
 -5.97241614e-03  9.53027606e-01  1.37202248e-01  4.79164201e-40
  6.29152715e-01 -1.05893789e-02  1.77115345e+00  6.59598410e-01
  6.23106700e-39 -2.96416664e-41  1.97685814e+00 -5.00287535e-03
  5.54881275e-01  1.07796751e-01 -4.82327584e-03  3.44545096e-01]","[-6.9028097e-03  8.2530284e-01  8.5908379e-03  8.5902625e-01
 -1.8121335e-03 -1.0056430e-02  1.6249435e-01  1.4651237e-01
  1.1449722e-01  1.7017108e-01 -4.3906528e-03  7.8434527e-01
 -5.0969101e-03 -6.7889849e-03  4.2960036e-01 -5.0343038e-04
  1.2458837e+00 -1.7134355e-02 -3.5207863e-03 -1.4925298e-03
 -1.4711785e-02 -5.4197968e-03 -3.3814013e-03 -1.1179750e-02
  2.5039330e-01  5.7541585e-01  1.9307363e-01 -7.4229008e-03
 -1.3007205e-02 -3.3609692e-03 -5.4186261e-03  9.1171300e-01
 -1.5815113e-02  8.1894167e-02  2.4365833e-01  2.7589133e-01
 -1.2717605e-02  3.5039961e-01 -1.1913850e-02 -5.9786399e-41
 -2.8427361e-05  2.0755197e-01 -4.9108974e-05  2.3112190e-01
 -5.1277599e-05 -1.4039665e-02  5.4886044e-39  5.0615871e-01
  2.1565194e+00 -1.3899257e-03  2.9530025e-01  1.3871446e+00
 -7.7709821e-03  1.4549848e-01  5.3459471e-01  2.0854914e+00
 -9.8150745e-03  1.5017685e-01 -4.2149518e-03  3.8211590e-01
 -1.4081424e-02 -9.2699612e-03  1.1005425e+00  1.0684246e+00
  2.0417413e-01 -5.6277788e-03 -1.2663618e-03  3.0101582e-01
 -3.1711529e-03 -7.4335253e-03 -1.0634072e-03 -2.4314846e-03
  9.5274502e-01 -8.4250188e-03 -3.4579842e-41  5.0657671e-02
 -3.1558236e-03 -1.0526778e-02  6.1820384e-40  2.6412472e-39
 -5.6408588e-03  5.1890290e-01  5.0542641e-01  4.7916420e-40
  3.1572747e-01 -1.1782643e-02  1.8250170e+00  1.7321077e-01
  6.2310670e-39 -2.9641666e-41  1.6263808e+00 -4.4949381e-03
  1.2839402e+00 -2.9373276e-03 -4.0317951e-03  7.3333710e-01]","[-8.88174400e-03  1.72825545e-01 -4.50316438e-04  9.72997427e-01
  1.74006000e-01 -1.40399812e-02  2.96973556e-01 -7.48072227e-04
  4.17370230e-01  1.69659838e-01 -1.52773701e-03  1.72913596e-01
  5.84369063e-01 -3.93746234e-03  5.24221361e-01  1.97639540e-01
  9.18307364e-01 -9.38748475e-03  7.95779109e-01 -2.60810787e-03
 -1.06454492e-02 -1.09911915e-02 -1.09877009e-02 -5.38692344e-03
  9.26277936e-02 -4.23559919e-03 -4.85371420e-04 -1.33532786e-03
 -7.35710235e-03  1.46330148e-01 -6.46982854e-03  3.07933599e-01
 -8.23968183e-03  5.64152487e-02  1.52328730e-01  4.94687855e-01
 -1.66587792e-02  4.62881386e-01 -8.01885128e-03 -5.97863990e-41
 -1.04841532e-03  3.35335761e-01  8.94355848e-02  4.33507830e-01
  5.56182563e-01 -7.68386945e-03  5.48860442e-39 -2.11331262e-05
  1.92862225e+00 -4.39830171e-03 -4.52087447e-03  6.95979178e-01
 -8.47492460e-03 -2.28154659e-03  5.83920300e-01  3.54848713e-01
 -3.23690311e-03  5.50494075e-01 -1.54085411e-02  6.02968454e-01
 -1.68850571e-02 -1.47292484e-02  7.34719038e-01  8.90996493e-03
  6.47706687e-02 -1.22260880e-02 -7.47991318e-04  6.85990378e-02
 -1.11903250e-03 -2.85088085e-03  3.59757185e-01 -7.06543261e-03
 -5.79425693e-03 -4.42020223e-03 -3.45798422e-41 -5.53226983e-03
  1.16310976e-01 -1.79851613e-05  6.18203837e-40  2.64124722e-39
 -7.95659795e-03  2.19768241e-01  4.15342212e-01  4.79164201e-40
  3.27237844e-01 -6.40376890e-03  1.40675509e+00  1.07151322e-01
  6.23106700e-39 -2.96416664e-41  1.57985651e+00 -6.10368839e-03
 -3.05342069e-03  5.40547788e-01 -3.70963896e-03  1.42714411e-01]"
